time,bearingAccuracy,speedAccuracy,verticalAccuracy,horizontalAccuracy,speed,bearing,altitude,longitude,latitude,qz,qy,qx,qw,roll,pitch,yaw,acc_z,acc_y,acc_x,gyro_z,gyro_y,gyro_x,mag_z,mag_y,mag_x,relativeAltitude,pressure,grav_z,grav_y,grav_x
2025-06-08 20:39:14+00:00,180.0,1.6399999856948853,9.0,16.836734771728516,0.3899999856948852,198.3999938964844,45.0,-75.61074114404619,39.88419525325298,0.8031082901300168,0.29964448073331046,0.20370584930859356,0.47233164719506804,-0.0601458752564355,-0.7398236989974976,-2.1016100855434643,7.1465879047618195,6.735021385492063,0.4260930844454789,0.03308249231857045,0.09758698509312143,0.27788313744845344,-12.65613030414192,-30.170848379329758,20.48952612584951,-1.392217254638672,1000.7987121582031,6.922271862030029,6.9260900020599365,0.41504511862993243
2025-06-08 20:39:15+00:00,180.0,1.5199999809265137,9.0,16.836734771728516,0.5299999713897705,198.3999938964844,48.0,-75.61074508354068,39.884200282394886,0.8008101212978364,0.3047235471010208,0.22518172830343242,0.46380992770195006,-0.10894454106688495,-0.7711194777488708,-2.1358980751037597,6.865686101913452,6.907901916503906,0.7816664552688599,0.030954279809375252,0.01352563533000648,-0.014939219080843034,-7.353183870315552,-28.253003387451173,18.059659690856932,1.583776092529297,1000.4448760986328,6.739561519622803,7.087481765747071,0.7594542074203491
2025-06-08 20:39:16+00:00,180.0,1.4800000190734863,9.0,16.32653045654297,1.0299999713897705,198.3999938964844,50.0,-75.61075028032064,39.884194917976856,0.7210814821720123,0.6145556002855301,0.1137870308756828,0.22168762773275372,-0.562292633354664,-1.1875238871574403,-1.0722472513467074,1.4357683461904527,7.432016558647156,-0.23300071400124583,1.0311451739072799,0.7486416459083557,1.5777596267312766,22.53169155113399,-14.437235796451569,13.017399768829346,1.1335324739155017,1000.4984066611842,1.5193577018380164,8.944317445755004,-0.671459989324212
2025-06-08 20:39:17+00:00,180.0,1.5399999618530271,9.0,18.87755012512207,0.1400000005960464,198.3999938964844,51.0,-75.61075497418642,39.88419508561492,0.810012047290802,0.03445642206817864,-0.0515382963698357,0.5772226083278656,0.12153671964071687,0.0037796892994083455,-1.8998107194900513,9.317854423522949,0.30602985605597494,-1.4486820709705353,-0.15650240242481228,-0.9221570274792612,-0.7646790266036987,-17.131239643096922,-6.796619918942452,19.068111519515515,0.8663978576660156,1000.5301513671875,9.607818775177002,0.2488266271725297,-1.2692569430172442
2025-06-08 20:39:18+00:00,180.0,1.4800000190734863,9.0,17.346939086914062,0.8399999737739563,198.3999938964844,53.0,-75.61076520010829,39.88418485969305,0.9156558066606522,-0.021752280482057035,0.086761412404788,0.3867270468423764,-0.17874709190800783,-0.029930383888616508,-2.3445516377687454,9.614909009933472,0.18123208306729793,1.543268005689606,0.18553266018553047,0.3149895790812312,0.3059366494704517,13.688648710445483,4.440052966682279,-18.886097655004384,-5.184408950805664,1001.2499237060547,9.59158194065094,0.5364558093715459,1.768620230878393
2025-06-08 20:39:19+00:00,36.400001525878906,1.830000042915344,9.0,19.387754440307617,0.8100000023841858,268.20001220703125,55.0,-75.6107765994966,39.88417325075716,0.9794937312602997,0.0034354678663657623,0.09437220662832256,0.1756817069649696,-0.18501791626214978,-0.03992642447352405,-2.790352602005005,9.604016914367676,0.44321312189102174,1.8077509665489198,0.000995237352617538,-0.000707457883108864,9.692572944913201e-05,14.822501746975647,9.60364055633545,-23.51462831302565,-0.5871166229248047,1000.7029113769531,9.616981048583984,0.5945600068569183,1.8428948140144348
2025-06-08 20:39:20+00:00,12.600000381469728,1.3700000047683716,9.0,17.85714340209961,1.6299999952316284,260.3999938964844,57.0,-75.61080015264452,39.88415703177452,-0.6691519009823702,-0.017414574454329416,-0.06158993712493349,0.041258772105757784,-0.18620831352107375,-0.04010598315876353,2.03582366145387,9.618864117836466,0.4317396131097054,1.8269530315788425,0.0003252609612714817,0.001517884475440345,0.0005988608243903693,14.61062005101418,9.923330404320541,-23.403832065815827,0.044915771484375006,1000.6278228759766,9.617988683739487,0.5634689099934637,1.8474010667022394
2025-06-08 20:39:21+00:00,10.300000190734863,1.4700000286102295,9.0,14.285714149475098,2.0999999046325684,260.70001220703125,60.0,-75.61082261614501,39.884145045652986,-0.9579434625956477,-0.0452829711899465,-0.08579013025274078,0.2679909288274998,-0.19014682483916376,-0.040808943385372304,2.592132884628919,9.633375926893585,0.4484593259284691,1.840655542453941,0.0015501726532104753,-0.010149365444536956,-0.00011997621052669793,13.877375213467346,11.088305823656977,-24.194093431745255,-1.5668704384251644,1000.8195222553454,9.612612120959223,0.5445154272780126,1.8807400902923272
2025-06-08 20:39:22+00:00,9.899999618530272,1.2699999809265137,9.0,12.244897842407228,1.579999923706055,260.79998779296875,61.0,-75.6108352728188,39.88413414917886,-0.8782989842196306,-0.06273457043183342,-0.07415834053729967,0.4673150858531396,-0.19035250103722012,-0.04093354591168459,2.1597404927015305,9.621122418617716,0.44167677237063036,1.8668879416524147,-2.949128338514375e-05,0.00014190515666237915,-0.00029456594271928127,13.862503866354624,11.225016474723816,-24.104149619738262,0.1990924835205078,1000.6095092773437,9.613571087519327,0.5248985203603903,1.881444642941157
2025-06-08 20:39:23+00:00,10.0,1.1200000047683716,10.0,12.244897842407228,1.2899999618530271,258.1000061035156,58.0,-75.61084222979844,39.88411901984364,-0.7880786173045635,-0.07426710939034815,-0.06241759681142862,0.6075590948263804,-0.19000026832024253,-0.041240506883089695,1.8241289978226025,9.619881458282471,0.44405408561229703,1.8647374653816222,0.000191852993084456,0.000294774113244784,-0.00019684914950630398,14.145277256868324,11.251885453049017,-23.73796287848025,0.22551498413085933,1000.60634765625,9.61511609951655,0.5093218882878622,1.8778277983268101
2025-06-08 20:39:24+00:00,5.599999904632568,0.699999988079071,8.0,6.122448921203613,0.8799999952316284,266.29998779296875,58.0,-75.61084776185453,39.88411088939756,-0.7110723268752005,-0.08122379186691017,-0.053026869162624904,0.6962580026364794,-0.1898566329596089,-0.041691114578176904,1.5878785404504514,9.595138923794616,0.44591713419147566,1.867343825452468,-0.00011886316022746666,6.432978946524115e-05,-0.00018678497294517644,14.394047679901123,11.241567821502686,-23.684103584289552,0.19671363830566405,1000.6097534179687,9.616274609285242,0.4967121306587668,1.8752717784806794
2025-06-08 20:39:25+00:00,4.699999809265137,0.6899999976158142,9.0,4.591836929321289,0.8299999833106995,269.0,59.0,-75.61085371300578,39.8841072851792,-0.6562369380678449,-0.08515753961947496,-0.046563075741334795,0.7482376901470885,-0.1898692292826516,-0.04210210439501971,1.4359628083754559,9.600496759220045,0.44915254140386773,1.86101694982879,-7.409288260458777e-05,0.00016517954682798976,-0.00032696033742132856,14.29217529296875,11.201342621628118,-23.85448521983867,0.2965911865234375,1000.5979309082031,9.617150442940849,0.48611511563768195,1.873557290252374
2025-06-08 20:39:26+00:00,8.699999809265137,0.6800000071525574,9.0,5.102040767669678,0.7199999690055847,271.8999938964844,59.0,-75.61085840687156,39.88410657271743,-0.6265598328746095,-0.08707418186323979,-0.04310490502690777,0.773285547081305,-0.18999577967488032,-0.04246285230833652,1.3578810959446186,9.606059432029724,0.4461663458496332,1.8566473126411438,0.0003410580895888458,0.00015647731333956667,-9.47190890959375e-05,15.2871080438296,11.067941466967264,-22.234753727912903,0.2153419494628906,1000.6075439453125,9.617862370549416,0.4771899556627079,1.8721968957356043
2025-06-08 20:39:27+00:00,13.800000190734863,0.1500000059604644,8.0,4.081632614135742,0.0799999982118606,271.8999938964844,48.0,-75.61085287481546,39.884105985984206,-0.6090348201493422,-0.08818213983128464,-0.041020939514661785,0.7871572176615397,-0.19010961769769585,-0.042845302882293816,1.3129271641373634,9.598318755626678,0.4482628299544255,1.8591973756750424,0.00010373994890262705,0.00019637729883469792,0.00010061734428745834,16.9798580010732,10.91315390666326,-21.281374494234722,0.27347221374511715,1000.600634765625,9.618500689665476,0.470408670604229,1.870633450647195
2025-06-08 20:39:28+00:00,19.600000381469727,0.1299999952316284,7.0,3.061224460601806,0.0099999997764825,271.8999938964844,47.0,-75.6108495220542,39.8841062374413,-0.6079950417791095,-0.08843003730384666,-0.04080333157765618,0.7879449895450047,-0.19029570446938882,-0.043241961193936154,1.3102639329676726,9.592270890871683,0.447725070019563,1.8614715586105983,0.0002747894242247542,5.9676484587120847e-05,-6.210518214780624e-05,13.934178948402405,7.613562315702438,-20.775328715642292,0.2573532104492187,1000.6025543212891,9.618851233501823,0.4655733479529011,1.870040158836209
2025-06-08 20:39:29+00:00,26.100000381469727,0.1199999973177909,8.0,2.040816307067871,0.0099999997764825,271.8999938964844,46.0,-75.6108495220542,39.88410443533212,-0.607948591709137,-0.0886157545447349,-0.04073189541697498,0.7879636645317077,-0.19050776690244672,-0.04357092432677741,1.310131025314331,9.596024943333045,0.44571614732929304,1.8630043338326847,3.00423371121647e-05,-1.240878904640001e-05,-4.800242341469021e-05,14.00193971633911,7.635979824066162,-20.51381164550781,0.2408393859863281,1000.6045227050781,9.61910489026238,0.46148038377948836,1.8697500602871764
2025-06-08 20:39:30+00:00,0.0,0.1199999973177909,7.0,2.040816307067871,0.0,0.0,45.0,-75.61084918677807,39.88410447724164,-0.6078982210159302,-0.08875132843852038,-0.04067686267197128,0.787990094423294,-0.19065998971462247,-0.04381163299083704,1.3099920415878297,9.598050785064697,0.44895920395851135,1.8604847645759583,9.426110424101398e-05,-0.00011491195007693,-0.00018152756980272002,13.810155715942383,7.813855838775635,-20.81271167755127,0.26845130920410154,1000.6012084960937,9.619427623748779,0.45774940490722654,1.8690065741539001
2025-06-08 20:39:31+00:00,0.0,0.1199999973177909,7.0,2.040816307067871,0.0,0.0,46.0,-75.61084876768291,39.88410460297018,-0.6078070535951731,-0.0888704566323027,-0.040662406430560676,0.7880477467361762,-0.19083760192199625,-0.0439585011680515,1.3097582374300276,9.587971985340118,0.44714990071952343,1.8572630013028781,9.818865044052917e-05,-2.428696613295849e-06,-0.00019741816762081457,13.421742575509208,7.97357127131248,-20.492513890169104,0.12629737854003903,1000.6181335449219,9.619631650496503,0.4541779190910106,1.8688277833315792
2025-06-08 20:39:32+00:00,48.70000076293945,0.1199999973177909,6.0,2.040816307067871,0.0099999997764825,271.8999938964844,45.0,-75.61084843240678,39.8841046448797,-0.607770390510559,-0.08905006617307659,-0.04060643106698984,0.7880586397647857,-0.19105833083391185,-0.044257935956120445,1.3096529245376587,9.580384559631348,0.45013236820697783,1.8649304962158204,-0.000127901989835652,1.3656197479581991e-05,0.000130566613261172,13.443911743164062,7.9319517993927,-20.59896755218506,0.23001339561060855,1000.6057739257812,9.6195973777771,0.4529529458284378,1.8693015909194945
2025-06-08 20:39:33+00:00,0.0,0.1199999973177909,6.0,2.551020383834839,0.0,0.0,44.0,-75.61084801331162,39.88410481251776,-0.6077233362197876,-0.08919794976711268,-0.04053485512733455,0.7880818903446197,-0.1912100365757942,-0.0445405069738626,1.309519031047821,9.578108711242676,0.4451030457019806,1.8629941821098328,0.000144888972645284,-4.2300920831629966e-05,0.000208173803875972,13.56298376083374,7.458835849761963,-20.57847152709961,0.23925514221191407,1000.6047058105469,9.619620399475098,0.45232246100902557,1.8693355321884155
2025-06-08 20:39:34+00:00,0.0,0.1199999973177909,6.0,2.551020383834839,0.0,0.0,44.0,-75.61084725894034,39.88410481251776,-0.6064744901657104,-0.08962013825774187,-0.04046330027282233,0.7889973151683808,-0.19186737835407253,-0.044868572354316676,1.3063616061210632,9.586942541833018,0.4618300649465299,1.8725752596761667,0.00012180208945853144,-0.0016575533501214804,-0.0003134852683133961,13.666439723968505,8.215479812622071,-21.299491691589356,0.2031871795654297,1000.6089782714844,9.618610191345216,0.4527539712190628,1.8744205260276794
2025-06-08 20:39:35+00:00,75.4000015258789,1.2100000381469729,6.0,7.653061389923096,0.5999999642372131,271.8999938964844,43.0,-75.61084415763617,39.88410309422761,-0.6304793870449066,-0.0672712111473083,-0.020747127272188616,0.772833170890808,-0.13068045541644094,-0.05257231347262855,1.3651780486106873,9.65656819635508,0.4771424130517609,1.2614816609694033,-0.1495231734707534,0.07003782767973539,-0.0033535525287092817,10.19285584449768,4.866823897361756,-18.329767684936524,-1.323781967163086,1000.7905578613281,9.710146942138671,0.5261870992183685,1.2804900312423706
2025-06-08 20:39:36+00:00,85.0999984741211,1.5399999618530271,6.0,6.122448921203613,0.959999978542328,271.8999938964844,41.0,-75.61084625311196,39.88410606980324,-0.634384060607237,-0.07056585962281504,-0.02360569426388128,0.7694283291405323,-0.1391862668827468,-0.05323105707180261,1.3752787978041405,9.670310878753662,0.3327775752544403,1.3488214087486268,0.002827499972299796,-0.000971255734330026,-1.3323043094700012e-06,10.79191642999649,3.9301790992418923,-18.149024605751038,0.49330940246582033,1000.5744934082031,9.700444474512217,0.5303936916954664,1.3623902359787299
2025-06-08 20:39:37+00:00,95.1999969482422,0.1599999964237213,6.0,4.591836929321289,0.0199999995529651,271.8999938964844,40.0,-75.61084717512131,39.884106195531785,-0.6328617557883263,-0.07124613334114348,-0.02381520799826826,0.7706118499239286,-0.14061318089564637,-0.05349863196412718,1.371355839073658,9.676412483056387,0.48741956676046055,1.3540301670630772,0.004994089734585283,-0.004672808128816494,0.0020217146549156876,10.225840665856186,4.069322371969418,-18.001224050716477,0.27135772705078126,1000.6008911132812,9.698510309060415,0.5316619277000427,1.3756096760431926
2025-06-08 20:39:38+00:00,105.6999969482422,0.1299999952316284,6.0,2.040816307067871,0.0099999997764825,271.8999938964844,40.0,-75.61084717512131,39.88410393241793,-0.6307583725452424,-0.07493028402328487,-0.02544996757060284,0.7719334888458252,-0.14855963468551633,-0.05526242934167381,1.3660669612884522,9.650112743377685,0.45333460725843905,1.4451206874847413,0.004228093363344618,-0.004444261045427958,-0.0027249119072802978,10.452471790313721,4.178255920410156,-18.11553565979004,0.15760879516601561,1000.6143798828125,9.686468467712402,0.547664943933487,1.452023103237152
2025-06-08 20:39:39+00:00,116.5,0.699999988079071,5.0,4.081632614135742,0.449999988079071,271.8999938964844,40.0,-75.61084172688425,39.884107117541134,-0.6292216668323595,-0.07259665277539462,-0.02746439219585482,0.7733404320113513,-0.14755685779513142,-0.048899731617801,1.3623922236111699,9.638167152404785,0.33350780725479123,1.3977050328254699,0.0038224042295768802,0.003252840672357684,0.00271891650605535,10.466623764038086,4.261459903717041,-18.33537956237793,0.04121627807617187,1000.6282653808594,9.691278749582718,0.4841911592045609,1.4424807295507314
2025-06-08 20:39:40+00:00,127.5999984741211,0.1599999964237213,5.0,3.5714285373687744,0.0499999970197677,271.8999938964844,39.0,-75.61084147542715,39.88410866819322,-0.6267052546460578,-0.07572320690180388,-0.031288502500095225,0.7749364870659848,-0.1573960147005446,-0.04643523685158563,1.3564065846991031,9.67723434529406,0.5225536258930855,1.5288601581086503,0.011695647572583293,-0.005686777002336611,-0.00773201823393076,10.619591534137726,4.493412425120671,-18.93084128697713,0.12761764526367186,1000.6179504394531,9.677855593092898,0.4591876572750984,1.5375926215597924
2025-06-08 20:39:41+00:00,139.10000610351562,0.1199999973177909,5.0,3.061224460601806,0.0299999993294477,271.8999938964844,38.0,-75.6108439899981,39.88410812336952,-0.6225224347675548,-0.0754715175020928,-0.038803367565075506,0.7779846132970324,-0.16660351875950305,-0.03359424184058222,1.3468886613845825,9.597935581207276,-0.12855965262278912,1.496929726600647,0.018438204275444098,-0.008953805397613885,-0.008549115524219773,10.723311786651612,5.037379884719849,-19.626383666992187,0.06869621276855467,1000.6249694824219,9.668328322616278,0.33260007874638425,1.6272378598942476
2025-06-08 20:39:42+00:00,150.89999389648438,0.6299999952316284,5.0,3.5714285373687744,0.85999995470047,271.8999938964844,36.0,-75.6108474265784,39.88410979975015,-0.603499835729599,-0.08673140019178387,-0.049880070090293833,0.7910486888885498,-0.19880406260490413,-0.02577054690569634,1.3008556938171387,9.652595329284669,0.5559545856714249,2.0753613662719728,0.05811979621648785,-0.009646607765462245,0.008157748722005618,11.11834774017334,5.6827599143981935,-21.157727661132814,-0.28352050781249993,1000.6668395996094,9.613253803253174,0.25523648262023924,1.9380270743370056
2025-06-08 20:39:43+00:00,163.0,0.5899999737739563,5.0,5.102040767669678,0.8499999642372131,271.8999938964844,35.0,-75.61085027642548,39.88411491271109,-0.5820007200042406,-0.08744879889612393,-0.04781864226485288,0.8070480960110823,-0.19816341778884328,-0.02461800945457066,1.2471085240443547,9.681792765247579,0.29892707524859174,2.0219918927367853,0.049677578390252795,0.021484896640426295,-0.0012021400402680103,11.358199722912847,6.601693717800841,-22.47339560061085,-0.21733055114746094,1000.6589965820312,9.614868303140005,0.24297233205288646,1.9314639394481976
2025-06-08 20:39:44+00:00,175.5,0.550000011920929,5.0,5.612245082855225,0.9399999976158142,271.8999938964844,34.0,-75.61085262335837,39.88412153441459,-0.5573741233348847,-0.08143367812037465,-0.04608778126537796,0.8249517154693603,-0.1868308505415916,-0.014714527800679156,1.1870114922523498,9.604946155548095,-0.16188843654468654,1.8512955117225647,0.0730803313851356,-0.02282317721517754,0.003435034433787206,11.190387511739926,7.334938672124123,-22.74129754669812,-0.3527469635009765,1000.6750793457031,9.637606348310198,0.14484539065434004,1.824406706556982
2025-06-08 20:39:45+00:00,180.0,0.6299999952316284,5.0,7.142857074737549,1.4399999380111694,271.8999938964844,32.0,-75.61085463501513,39.88413121551275,-0.5289025356372198,-0.08708532573655244,-0.04681783627408242,0.8428826654950777,-0.1976475045084953,-0.013227004577250484,1.1194779674212139,9.790544592815897,0.6723087507745494,2.2616390430408977,0.07163517739861565,0.03863316162073229,0.01994110211888522,11.431399790445964,8.644919755723741,-24.07737723456489,-0.6939964294433594,1000.7156677246094,9.617711305618286,0.13079482456669209,1.926950563987096
2025-06-08 20:39:46+00:00,15.300000190734863,0.5699999928474426,5.0,7.142857074737549,1.309999942779541,311.3999938964844,30.0,-75.61086377128959,39.88414295017719,-0.5316178643703461,-0.07654106885194774,-0.037810404971241905,0.8426495325565339,-0.1700541868805885,-0.01763773061335082,1.1241376447677611,9.673133812698664,-0.3890005618918176,1.8909763004265578,-0.07087379387196369,0.034875562335775365,-0.008585904282061164,10.452858130137125,8.691229035456976,-23.331228772799175,-0.5913433074951172,1000.7034606933594,9.666459756739,0.17346208498758425,1.6623603596406824
2025-06-08 20:39:47+00:00,9.100000381469728,0.449999988079071,5.0,7.653061389923096,1.319999933242798,311.5,29.0,-75.61087299138308,39.884152840822935,-0.5744549242817626,-0.056514034237788606,-0.02319621663464571,0.8161973491006967,-0.11921434150058392,-0.027003931603869564,1.2249643729657542,9.822157039642335,0.5659653422236443,1.2049523317813873,-0.12297276630997654,0.05137762937694783,-0.0005166041507618479,9.658007831573487,6.899587869644165,-19.695923576354982,-0.9676040649414063,1000.7482299804688,9.736291751861572,0.2649110513925552,1.1680490255355835
2025-06-08 20:39:48+00:00,6.099999904632568,0.4000000059604645,5.0,9.693877220153809,1.709999918937683,315.70001220703125,27.0,-75.6108801998198,39.884167718701065,-0.6248389283816019,-0.03810378808217739,-0.008144908545849176,0.7797482783595721,-0.0696884414646774,-0.0348953334614634,1.3498957256476085,9.776722583364933,0.38521813870744503,0.5973565115771712,-0.09546469276150062,0.02802817485401946,0.0033522922725144956,9.113140288819658,5.1826637653594325,-15.667395409117354,-1.078885931717722,1000.7614167865954,9.78008739153544,0.3427401638279359,0.6827261125048002
2025-06-08 20:39:49+00:00,6.199999809265137,0.4199999868869781,6.0,9.183673858642578,1.7599999904632568,326.20001220703125,25.0,-75.61089176684618,39.88418452441692,-0.6514039003849029,-0.027194284647703123,0.0013050515076610718,0.7582419288158416,-0.0395782938599586,-0.03741652660071846,1.4187634992599487,9.793366813659668,0.3488022670149803,0.318983980640769,-0.012367189773358355,0.002682944033585952,-0.004680746472440628,9.0952243026422,4.872281570823825,-13.734461025315888,-1.2528369903564454,1000.7821044921875,9.795455589294434,0.3674625766277313,0.38727939903736114
2025-06-08 20:39:50+00:00,5.599999904632568,0.4399999976158142,6.0,10.204081535339355,1.9299999475479128,338.20001220703125,24.0,-75.6108994781971,39.884203425608575,-0.6574551856517792,-0.022665419541299293,0.005131288818083656,0.7531292760372161,-0.027413197681307747,-0.03753429375588888,1.434838788509369,9.787313976287841,0.2224093660712242,0.3160017032921314,-0.037264111489057485,0.018596083110896833,0.008254008294898052,8.796687812805176,4.821439924240113,-12.773155765533447,-1.3606422424316407,1000.794921875,9.799362564086914,0.3684855359792709,0.26831737518310544
2025-06-08 20:39:51+00:00,6.5,0.5799999833106995,5.0,11.22449016571045,2.0299999713897705,342.20001220703125,22.0,-75.61090090312064,39.88422232680023,-0.6753777195425594,-0.0234530738682723,0.013074994014174285,0.736974722030116,-0.01692367377964884,-0.05097005246024502,1.483195463816325,9.757080526912913,1.0391700980710048,0.07670834430438629,-0.04518400286050399,0.002725362504932876,0.002070308956271941,9.027511835098267,4.10456793308258,-11.648803787231445,-1.6864341735839843,1000.8336791992188,9.7958205166985,0.500072750975104,0.16540364658131315
2025-06-08 20:39:52+00:00,6.800000190734863,0.5299999713897705,6.0,12.755102157592772,1.6100000143051147,344.29998779296875,21.0,-75.61090358532965,39.88423963543028,-0.6873394918441772,-0.0273435135185718,0.015460014343261656,0.725655163526535,-0.01846400521695609,-0.060063344836235,1.516020541191101,9.796937475399096,0.7324088982173375,0.14018906152163327,-0.014134407005443814,-0.01085698646398219,0.007665554466164322,9.017263822555542,3.851783938407898,-11.178859825134277,-1.9777454376220702,1000.8683166503906,9.790610027313232,0.5890692222118378,0.18040410220623013
2025-06-08 20:39:53+00:00,6.800000190734863,0.4900000095367431,5.0,10.714285850524902,1.8799999952316284,340.79998779296875,20.0,-75.61090601608157,39.88425790797919,-0.6914292063031878,-0.03154779696951102,0.012792015068080908,0.7216401160979757,-0.027900566251910414,-0.06212997512549766,1.5271768375318877,9.741208115402532,0.4799412458526845,0.30666700423676135,-0.018425676382469846,-0.0070463011527733144,0.0013041027007287163,9.206020209254051,3.904497891056294,-11.407497678484235,-2.18939094543457,1000.8934936523438,9.787252776476802,0.6092470750516775,0.27284759891276456
2025-06-08 20:39:54+00:00,7.900000095367432,0.550000011920929,5.0,11.22449016571045,1.6999999284744265,340.70001220703125,20.0,-75.6109116319567,39.88427571952343,-0.6976089708659113,-0.036949986097763954,0.012148005260648728,0.7154213287392441,-0.03601293007330014,-0.06899037440212402,1.5443429776600428,9.803622284714056,0.8909697921908631,0.40153877402902866,-0.011879332325592282,-0.0030609197440623656,0.00510765063280607,9.57699982000857,3.7092978759687774,-11.552901890813088,-2.402623748779297,1000.9188842773438,9.780308918077118,0.6763548522579427,0.3521356965814318
2025-06-08 20:39:55+00:00,8.5,0.5400000214576721,5.0,11.22449016571045,1.5499999523162842,333.3999938964844,19.0,-75.61091699637473,39.88429323770106,-0.7009535348415374,-0.04015958227217192,0.0167117109522223,0.7118788135051727,-0.033864185363054224,-0.08017958030104634,1.5539724135398865,9.700423946380615,0.8295280477404594,0.33486352309584616,-0.009219268695451274,-0.00191819675674195,0.0006631585198920301,9.759999828338623,3.2754559659957887,-11.446283798217774,-2.636465072631836,1000.9466552734375,9.772874946594237,0.785779048204422,0.3308980149030685
2025-06-08 20:39:56+00:00,7.300000190734863,0.4399999976158142,5.0,11.73469352722168,1.459999918937683,337.6000061035156,19.0,-75.61092101968825,39.8843065649271,-0.7034446232172907,-0.04097608522493008,0.01393094255912056,0.7094307858116773,-0.038665429822036156,-0.07749282264587826,1.5608233651336358,9.739557151794434,0.8008514893054962,0.41235485702753066,-0.006771144615486217,-0.003657530569180356,0.0048409570011426475,9.473787784576416,3.1881039190292357,-11.194475784301758,-2.8943496704101563,1000.9773406982422,9.773245754241943,0.75951824426651,0.3778696638345718
2025-06-08 20:39:57+00:00,7.5,0.4399999976158142,5.0,12.244897842407228,1.2899999618530271,346.20001220703125,19.0,-75.6109182536602,39.88432710058987,-0.7100547158718109,-0.043841093778610174,0.01578524440526957,0.7026006126403809,-0.03933781437575812,-0.08454140156507489,1.5796856951713563,9.770250797271729,1.0405694365501403,0.3858300945162773,-0.025660669654607723,-0.0017846324434503819,0.0017449961631791381,9.342515830993653,2.983387942314148,-10.957551822662353,-3.0978050231933594,1001.0015563964844,9.767401638031005,0.8283645629882812,0.38431658685207365
2025-06-08 20:39:58+00:00,9.199999809265137,0.5,5.0,12.244897842407228,1.0099999904632568,350.0,19.0,-75.61091531999409,39.88434084691107,-0.72028948366642,-0.04593946691602465,0.01695747269938385,0.6919382028281689,-0.03931256220676,-0.08976957170913613,1.609175997475783,9.71249448036661,0.680648031283398,0.37661800761612096,-0.032877867243119606,-0.006858689784148334,0.007716195983856722,9.761557213803554,2.951102058938209,-10.43203802311674,-3.314736175537109,1001.0273284912109,9.762948711713156,0.8794366493821144,0.38391548333068687
2025-06-08 20:39:59+00:00,9.699999809265137,0.4399999976158142,5.0,14.795918464660645,0.949999988079071,346.0,19.0,-75.61091540381312,39.88434763625264,-0.7343318986892701,-0.04629193678498264,0.01576212786138053,0.677016932964325,-0.03969889253377909,-0.08945199877023693,1.6501949095726014,9.670993175506592,0.4647429835796356,0.35174115002155304,-0.05008295446634288,-0.00879292870929927,0.010311431691516144,9.833931751251221,2.4534199476242065,-9.883463706970215,-3.7163616180419923,1001.07509765625,9.763083229064941,0.8763092088699341,0.38771345257759093
2025-06-08 20:40:00+00:00,10.0,1.0700000524520874,5.0,15.306122779846191,1.899999976158142,344.8999938964844,19.0,-75.61091783456504,39.884357610717416,-0.7537470865249634,-0.05148514442145819,0.015137683972716285,0.654951058626175,-0.0448406988382339,-0.09760395810008043,1.708642065525055,9.767145881652832,1.118608444929123,0.4060341602563858,-0.06663427196443077,-0.012432806049473537,0.005220999227167308,9.931287841796875,2.1171879506111146,-9.040443840026855,-4.042683029174805,1001.1139526367188,9.753481636047363,0.9559143352508545,0.43758282124996184
2025-06-08 20:40:01+00:00,8.399999618530273,0.6899999976158142,5.0,17.346939086914062,1.6699999570846558,342.3999938964844,19.0,-75.61092252843082,39.884369974024594,-0.7784664738178253,-0.05777752906084057,0.017030893638730005,0.6247688245773315,-0.04597343422472472,-0.11146747082471845,1.786424045562744,9.715691394805908,1.6449018549919128,0.32607979744672777,-0.06941580697894092,-0.007172170619014628,-0.005309931012452545,10.031327781677247,2.1201159381866455,-7.9295118618011475,-4.231605148315429,1001.1363830566406,9.73880750656128,1.091168713569641,0.4479971820116043
2025-06-08 20:40:02+00:00,10.800000190734863,0.6899999976158142,5.0,19.387754440307617,0.9099999666213988,341.0,19.0,-75.61092219315469,39.88438128959388,-0.7986843991279602,-0.06071726918220516,0.015262923408299635,0.5984680807590484,-0.04863553315401073,-0.11552023321390148,1.852651629447937,9.736667652130127,1.513823802471161,0.3927762684226036,-0.05991408787667747,-0.013934988331748128,-0.004575160709209726,9.71437177658081,2.278959937095642,-6.744159860610962,-4.7333728790283205,1001.1960754394531,9.733094081878662,1.1306675362586975,0.47371411383152007
2025-06-08 20:40:03+00:00,11.399999618530272,1.0199999809265137,5.0,18.87755012512207,1.409999966621399,347.8999938964844,19.0,-75.61092345044017,39.88439147360623,-0.8188934254646302,-0.06220008745789524,0.015204558447003313,0.5703194832801819,-0.04638293124735351,-0.11949178501963612,1.922139015197754,9.685801674337949,0.9611135393965478,0.4435948159764795,-0.09427546928910645,-0.000801999783873851,0.011768432881902194,9.476661039858449,2.333436683732636,-5.798734567603287,-4.917803192138672,1001.2180572509766,9.729552898406983,1.1693481945991515,0.4515890270471573
2025-06-08 20:40:04+00:00,6.099999904632568,0.959999978542328,5.0,17.346939086914062,1.9900000095367432,2.200000047683716,20.0,-75.61091875657439,39.88441167399287,-0.8473056043897357,-0.07071932967828241,0.02298805760029623,0.5258190692687521,-0.035778188051617824,-0.1445153869536458,2.0281800639872647,9.680053672012018,1.731632339711092,0.2646234176710856,-0.10348940397403675,-0.005476075774952579,0.007943572774671953,9.858346802847725,2.243804016891791,-3.499159121999935,-5.206952145225124,1001.2524092824835,9.701491959240972,1.4126812779173559,0.34724200075986433
2025-06-08 20:40:05+00:00,7.099999904632568,0.8199999928474426,5.0,18.87755012512207,0.9399999976158142,7.699999809265137,20.0,-75.61091590672731,39.884422570467,-0.8689972648815233,-0.07292264821578041,0.03056475022161489,0.4884327017531103,-0.018337854811427492,-0.15724813755677666,2.116030449769935,9.741590766906738,2.118118817806244,0.11324125017970799,-0.06017327727749941,-0.03988406316205569,-0.0037410108180127226,10.342114137143504,3.030330570376649,-1.6410244447844369,-5.533718109130859,1001.2912841796875,9.687225858370462,1.5365839377045631,0.17715741725017622
2025-06-08 20:40:06+00:00,10.5,0.7400000095367432,5.0,19.387754440307617,0.6299999952316284,12.399999618530272,21.0,-75.610904507339,39.88443225156516,-0.8855471870173579,-0.07127418514827019,0.016525917565045102,0.45871090759401734,-0.036495573737699,-0.14185920649248618,2.183116404906563,9.746500542823304,1.4868661146214668,0.30236984472325507,-0.08361039691148915,0.003993039414784461,-0.008567548210037804,10.622963087899345,4.3232815752224045,-0.6413714137612557,-5.871929168701172,1001.33154296875,9.7049676646357,1.3868801282799763,0.3543414901132169
2025-06-08 20:40:07+00:00,13.199999809265137,0.6200000047683716,5.0,16.32653045654297,0.550000011920929,14.399999618530272,21.0,-75.61090727336705,39.88444905728102,-0.8992328140470717,-0.0677898733152283,0.016063507894674887,0.43186324371231927,-0.029965361497468368,-0.1362166106700897,2.2440893491109213,9.62331748538547,0.7441644428504838,0.42982570793893604,-0.04644663035869592,-0.0029766079238874445,-0.023561204452481475,11.761070823669433,5.72451097700331,2.167533297008938,-5.815647888183594,1001.3248291015625,9.714606221516927,1.3320405191845364,0.29119900928603276
2025-06-08 20:40:08+00:00,18.100000381469727,1.5199999809265137,6.0,21.93877601623535,0.5,19.0,21.0,-75.61088958755136,39.884454840794206,-0.9168692499983544,-0.05006883549047446,0.009838613133658329,0.3958205808611477,-0.021744922132176464,-0.0997503937459459,2.325419687757305,9.691223855112113,0.37661878238706026,0.2190225110845823,-0.11188027920091848,0.005763557239369392,-0.022748254531738756,11.98948488844202,7.208382839852191,6.782940283734748,-6.366034698486328,1001.3902893066406,9.75868257522583,0.9777741241455078,0.21290718942880626
2025-06-08 20:40:09+00:00,10.399999618530272,0.8999999761581421,5.0,16.836734771728516,2.0999999046325684,22.700000762939453,21.0,-75.61089528724551,39.884487111121416,-0.9415956592559814,-0.030511447936296412,0.008693835046142288,0.3351046228408813,-0.00413206639554117,-0.06329764187335964,2.457625484466553,9.767446575164795,0.6829101198911667,-0.25771935532800855,-0.1304780155420303,0.004549180595204232,-0.03548747270368034,9.745603771209717,11.134939804077149,4.405175905227662,-6.548747634887695,1001.4120422363281,9.790067043304443,0.6204213130474091,0.04044714546762405
2025-06-08 20:40:10+00:00,4.099999904632568,0.6499999761581421,5.0,17.346939086914062,5.019999980926514,38.29999923706055,21.0,-75.61088279820979,39.8845304036513,-0.9554038440927546,-0.008436831264221546,0.007379349489557562,0.2936335491373184,0.009310580502719908,-0.02052588198096189,2.5453199072087065,9.826558275425688,0.4213285595178604,0.07952920327389097,-0.25252422341640957,0.013030794744059028,-0.05309760935128999,8.427084922790527,17.25417409044631,6.279106282173319,-6.684955978393555,1001.42822265625,9.807241663019708,0.2018340093658325,-0.08630280212519013
2025-06-08 20:40:11+00:00,6.800000190734863,1.309999942779541,6.0,17.85714340209961,3.299999952316284,40.70000076293945,21.0,-75.6108511146158,39.88457637839019,-0.8654022937019666,0.034383719166119854,0.020919239769379247,0.49869524252911407,0.07093372743111098,0.037973416270688135,2.094445581237475,9.776171333935796,0.15446265593256647,-1.344944335824373,-0.3216271488927304,0.17380570346237312,-0.0751139684192215,8.596933156251907,25.975324511528015,10.189287225405375,-7.004275894165039,1001.4662231445312,9.774282296498617,-0.36930607445538044,-0.6558658657595515
2025-06-08 20:40:12+00:00,11.399999618530272,3.3399999141693115,5.0,16.836734771728516,1.2599999904632568,45.79999923706055,19.0,-75.61084357090294,39.884615312330425,-0.8035509226222833,0.07245589233934875,0.017408946606640965,0.5904312332471212,0.1143759458015362,0.0961067414221664,1.8687229057153065,9.644911766052246,-1.011650996548789,-1.4754328971006432,-0.33681620595355827,0.015556482425381568,-0.0011171994782065103,8.851862321297327,35.825807889302574,10.93806234995524,-7.156338119506836,1001.4843139648438,9.701016763846079,-0.9596540095905463,-1.0944327587882678
2025-06-08 20:40:13+00:00,17.0,3.039999961853028,6.0,23.979591369628903,0.3899999856948852,50.79999923706055,18.0,-75.61084231361747,39.8846321599558,-0.7481796899620368,0.06706508781228743,-0.0026630790424841716,0.6598446807082818,0.08509223391206891,0.10414717711356218,1.6916679338533052,9.741052093505859,-0.5306748056411743,-1.1281463408470154,-0.25070255488157267,-0.006748828956624487,0.0211697777966037,10.281484867664094,43.062884148131026,9.119629636723944,-7.165718460083008,1001.4854583740234,9.72007840993453,-1.0346362882730913,-0.8252921785627093
2025-06-08 20:40:14+00:00,19.5,0.800000011920929,5.0,20.40816307067871,0.9300000071525574,75.30000305175781,17.0,-75.61082446016371,39.88462436478585,-0.6219688761234283,0.059751820415258367,-0.00998978297226126,0.7799741971492767,0.08122667595744129,0.09029593721032138,1.342667155265808,9.759806098937988,-0.1290519615262747,-0.8497470730543136,-0.028375256021390623,-0.04002532871614672,0.000471305593382564,11.962831783294678,46.348287200927736,8.260619764328004,-6.899641799926758,1001.4538391113281,9.739417247772217,-0.8598779428005219,-0.7981145429611206
2025-06-08 20:40:15+00:00,23.299999237060547,1.399999976158142,6.0,29.081632614135746,0.949999988079071,79.69999694824219,17.0,-75.61081356368959,39.88462273031473,-0.4356259024143219,0.040366523936390834,-0.029633348546922164,0.8982300317287445,0.04692015849053855,0.08865075826644894,0.9010439801216126,9.753273552539302,-0.6843675959344003,-0.2414725529504757,-0.007997871258412443,-0.024615137535147345,0.002792526788543888,8.96774672488777,50.83441154324279,7.159905988342908,-7.203259518271999,1001.4899099249589,9.763141787782008,-0.8482514850947321,-0.4434481816632407
2025-06-08 20:40:16+00:00,27.700000762939453,2.009999990463257,5.0,23.46938705444336,0.7099999785423279,81.30000305175781,17.0,-75.61080199666321,39.88463945221156,-0.28108749568462366,0.018548342920839737,-0.03419960737228389,0.9587404549121856,0.016324462300399266,0.07623839020729062,0.56974658370018,9.865354480743408,0.6173329411819577,0.44714559718966485,-0.09880195554345843,-0.044611814115778504,0.011717354278080133,10.166747817993164,49.432202911376955,6.332287874221802,-7.140484619140625,1001.4824829101562,9.783463668823241,-0.7018522942066192,-0.12977644115919243
2025-06-08 20:40:17+00:00,29.0,2.4600000381469727,6.0,25.510204315185547,1.5499999523162842,65.30000305175781,16.0,-75.61079260893166,39.88466061651707,-0.24064500226328767,0.0004672657309991104,-0.0317699857987463,0.9700921128193537,-0.014411942470663483,0.06190311404255524,0.4867577962577343,9.885124362244898,1.1992782317862218,1.0151720591345612,-0.24871009618652107,0.02260206785553122,-0.025373073817439782,11.914918140489227,52.189607347760884,3.99861217518242,-6.949316787719726,1001.459716796875,9.798209287682358,-0.45135676678346126,0.164563239533074
2025-06-08 20:40:18+00:00,21.0,2.440000057220459,6.0,30.10204124450684,3.740000009536743,15.600000381469728,16.0,-75.61079436913133,39.88468911498785,-0.2307175762799321,-0.0026732714067459794,-0.025169191882014226,0.9726844369148722,-0.016842194205644142,0.04775108571867548,0.46618750265666414,9.920971691608429,0.6721923872828484,0.7894599531621983,-0.1341586518101394,0.019296324580257804,0.0009170056097597416,15.699935817718506,55.55513900756836,-3.727099938392639,-7.036643981933594,1001.4701232910156,9.80572747211067,-0.24197188567142094,0.15573630314700454
2025-06-08 20:40:19+00:00,6.400000095367432,1.5800000429153442,6.0,31.632652282714844,6.069999694824219,352.5,16.0,-75.6108030024916,39.88474674057216,-0.1874024525601813,0.009253744987097152,-0.02148387157060994,0.9819500953593152,0.01013062207989311,0.045707734896147455,0.376924789332329,9.761669676354591,0.0015409494096294463,-0.13503202077675056,-0.00927728801004974,-0.003059711943856108,-0.006321397083662834,15.926726166082888,57.311117133315726,-3.888065226224004,-6.9918560028076175,1001.4647827148438,9.806770608780232,-0.20825741170568665,-0.1272586819894136
2025-06-08 20:40:20+00:00,7.300000190734863,1.809999942779541,6.0,32.14285659790039,4.440000057220459,351.3999938964844,16.0,-75.61081289313734,39.88480830565095,-0.13136526614427563,0.010413425723090716,-0.028352384567260688,0.9908513355255127,0.013219723198562815,0.058972092568874306,0.2632277265191078,9.64935463550044,-0.7511147687248155,-0.20128018574506118,-0.0001204959074076255,0.016202616151513572,-0.012278499556522725,16.244424021973902,57.99083125834562,-3.854950934040303,-7.174040985107422,1001.4864501953125,9.801900367736817,-0.3583658879995346,-0.1574128173291683
2025-06-08 20:40:21+00:00,5.300000190734863,1.5,6.0,31.12244987487793,8.559999465942383,350.29998779296875,16.0,-75.61082907021046,39.88487921655178,-0.11077176883816715,0.011967918025329666,-0.041602211296558333,0.9928915429115296,0.014608609409769952,0.08536681160330768,0.2215856963396072,9.740531225204467,-0.5367456029355526,-0.16772430035751312,0.009289548111264563,0.01403191600460558,-0.02236985782394183,16.784759559631347,59.06678680419922,-3.809571928977966,-7.265464019775391,1001.4972839355469,9.786211051940917,-0.656444251537323,-0.1651783859916031
2025-06-08 20:40:22+00:00,5.5,1.9900000095367432,6.0,30.10204124450684,8.4399995803833,353.3999938964844,15.0,-75.61089176684618,39.88492401782423,-0.10807213361592999,0.008949737619370813,-0.02829674040859045,0.9936952946033883,0.011692111935228695,0.05820416643264441,0.2163195413477877,10.090094018489756,-0.37823292866666264,-0.0058852150352632,-0.0103395945476764,-0.016614927127561036,0.031819588405654735,16.26908911035416,58.14753487769594,-3.8762254613511105,-7.516347885131836,1001.5271911621094,9.800490237296895,-0.40572460915179964,-0.13658419933090815
2025-06-08 20:40:23+00:00,6.699999809265137,2.869999885559082,6.0,27.040817260742188,10.800000190734863,354.5,15.0,-75.61093786731362,39.884990653954446,-0.11391216609627004,0.008879035992625437,-0.015119335458924322,0.9933335408568382,0.014203983902310287,0.03206858003977681,0.22812854684889314,9.738264215753434,-0.38459093879630907,0.14707943792157668,-0.034288264063008556,0.022856244559776258,-0.002089533544309001,15.800270477930704,57.12853225072225,-3.745145782828331,-7.536825561523438,1001.5296325683594,9.806968371073404,-0.1837500209609667,-0.15560537079970038
2025-06-08 20:40:24+00:00,5.199999809265137,1.850000023841858,6.0,29.081632614135746,10.579999923706056,340.3999938964844,14.0,-75.61098581179976,39.88508247770369,-0.11296631991863247,0.01689075849950309,-0.01065184410661454,0.9933902955055237,0.03117099691182371,0.02498834438621993,0.22608317524194713,9.596677169799804,-0.41298183873295785,-0.2358079185988754,-0.02500184111762787,-0.010347737036645415,-0.016610604668967403,15.009171733856201,56.839066696166995,-3.394527940750122,-7.316592407226563,1001.5033874511719,9.803468322753906,-0.149583196491003,-0.31618757575750345
2025-06-08 20:40:25+00:00,3.0,1.4700000286102295,6.0,28.06122398376465,12.359999656677246,333.8999938964844,14.0,-75.61106560751796,39.88517534919083,-0.10632928227092701,0.019510903067010248,-0.017404487338282263,0.9939812819163004,0.03512095031785026,0.03876403098305063,0.2124576323172625,9.715952190698362,-0.4197276172538598,-0.32973673560784433,0.002706749328496565,-0.029558722066747773,-0.015294162683216293,15.717747745513917,57.474686813354495,-3.8715479373931885,-7.5742145538330075,1001.5340576171875,9.798650236690746,-0.3077971958646587,-0.35181530141362954
2025-06-08 20:40:26+00:00,3.5,1.4500000476837158,6.0,27.040817260742188,11.829999923706056,329.29998779296875,15.0,-75.61115856282413,39.88526306580752,-0.10754206822234753,0.018681980897577395,-0.006298456512087412,0.9940021025891207,0.03580048695510742,0.01653907113537492,0.2152452849003733,9.872899227142334,-0.46371497042942794,-0.09508422602899373,-0.02802685635164375,0.0017666457477025627,0.015009831323986856,15.180866340796152,56.72898213068644,-3.886970748504003,-7.452008438110352,1001.5195007324219,9.8028879737854,-0.11201611608266827,-0.353938062787056
2025-06-08 20:40:27+00:00,3.900000095367432,1.8799999952316284,6.0,26.53061294555664,11.389999389648438,332.6000061035156,16.0,-75.61125637963414,39.88535069860518,-0.12049860835075372,0.00517637468408788,-0.010847352873533918,0.9926343417167663,0.0076546413917094,0.022786799706518597,0.24151286512613293,9.523314352035522,-0.42213516648858784,0.3073646214231849,-0.03683077701483848,0.02180029417388139,-0.016643246267049105,15.3388157081604,57.13894271850586,-5.346039924621582,-6.776379013061524,1001.4391479492188,9.8075852394104,-0.1953296427428722,-0.07477141447365279
2025-06-08 20:40:28+00:00,2.400000095367432,1.100000023841858,6.0,25.510204315185547,11.56999969482422,330.1000061035156,19.0,-75.61137305572629,39.88540476188064,-0.12354121848940845,0.008563106590881902,-0.011327001927420444,0.9922331535816192,0.014204572690650768,0.024598576389253085,0.2475695317983627,9.453053377112564,-0.5211450259904472,-0.3746040034659055,-0.002377090021303841,-0.023688310501284466,-0.02077455674678237,15.659073206843162,56.48301136250399,-5.367003956619574,-6.840586853027344,1001.44677734375,9.806267280578613,-0.22648583263158795,-0.13667627386748787
2025-06-08 20:40:29+00:00,2.5999999046325684,1.0499999523162842,6.0,21.428571701049805,10.90999984741211,325.3999938964844,20.0,-75.61147120781243,39.88546263892204,-0.10564754948932294,0.028425180638322976,-0.019086304272772053,0.9937358547230156,0.052504939236202974,0.04385494539628219,0.21075168404043934,10.389585905075073,-0.7775334593653679,-1.0875780951976777,0.07155911023823577,0.15947711386757055,0.04852845894448379,15.133228263076472,56.77406793711137,-4.19455911675278,-7.454782104492187,1001.5198669433594,9.784887469544703,-0.42319517841144483,-0.5109818729819083
2025-06-08 20:40:30+00:00,2.400000095367432,1.059999942779541,6.0,27.5510196685791,11.429999351501465,325.1000061035156,19.0,-75.61156340874732,39.88552805967629,-0.02086073568090791,0.1146527329087257,-0.027900922521948757,0.9927550959587097,0.22887129604816434,0.0602565205097198,0.03508881267160173,9.749805812835694,-0.8530735172331333,-2.4365835642814635,0.03105653485283251,-0.032146699263248556,0.0312710372114088,4.279515914916992,49.74989112854004,6.996211862564087,-5.433707809448242,1001.2793884277344,9.537832336425781,-0.5974178433418273,-2.2148997831344603
2025-06-08 20:40:31+00:00,2.700000047683716,1.159999966621399,6.0,21.93877601623535,12.670000076293944,323.0,20.0,-75.61165695078671,39.8856044607237,0.0018111838550976477,0.10040834426879877,-0.031419604569673486,0.9943393361568451,0.20148953109979625,0.06233028739690777,-0.009991331053752219,10.213064365386963,-0.9489388573169708,-2.3394163942337034,0.1522696487884968,-0.12044670110102745,0.05784700532210989,4.4991159248352055,50.30108711242676,6.317403874397278,-7.1456856978567025,1001.4830771998355,9.591092319488526,-0.6278542351722717,-1.9522364163398742
2025-06-08 20:40:32+00:00,2.299999952316284,1.0199999809265137,6.0,25.0,12.170000076293944,322.0,19.0,-75.6117486488074,39.88569879904389,0.07559054665267463,0.0063626077500521004,-0.024557168241590207,0.9965627765655518,0.016362572626676387,0.04781968906521792,-0.15189959272742268,9.34620924949646,-0.6585057252645492,-0.30262260399758817,-0.18395403487666045,-0.0385764378879685,-0.025092771013732987,17.225179595947267,62.30686271667481,-1.2285399774461985,-7.583990859985351,1001.5352783203125,9.793016891479493,-0.49625558614730836,-0.16048210300505159
2025-06-08 20:40:33+00:00,4.300000190734863,1.6799999475479126,6.0,26.020408630371094,10.979999542236328,315.1000061035156,18.0,-75.61185786500573,39.88575013820082,0.021063663901723113,-0.08818850879158287,0.034110166512581724,0.9952250597428303,-0.17829690934443956,-0.06422034346935696,-0.047988036913531124,10.094197137015206,0.5570626328651774,1.760842194970773,-0.010089207661566218,0.1181013358338755,0.0623495012957707,20.786847648620604,59.2063549041748,-2.789163944721222,-6.684427642822266,1001.4283142089844,9.63347898210798,0.6010167981897082,1.7367398252292556
2025-06-08 20:40:34+00:00,4.599999904632568,1.6100000143051147,6.0,19.897958755493164,12.65999984741211,304.70001220703125,17.0,-75.61197755858302,39.88579757977277,0.02196709526588718,-0.09286858126217001,0.016078016511639724,0.9952830161367144,-0.18672066166692847,-0.02792649556483537,-0.046727986360082775,9.355902019812136,0.1950770498310425,1.6284953732879794,0.03123422858438318,-0.009332644377778079,-0.061293846794240124,22.527175124810668,58.29234570873027,-2.198738728250776,-7.467729568481445,1001.5213928222656,9.635707757910904,0.24484521880441779,1.8198531768759902
2025-06-08 20:40:35+00:00,5.400000095367432,2.109999895095825,5.0,23.979591369628903,11.929999351501465,305.70001220703125,17.0,-75.61208895407617,39.88585834857077,0.02323883043035212,-0.09661685918336325,0.008269957322424795,0.9950048612511676,-0.1938812091298725,-0.01197780898529222,-0.04786079773760355,9.623690584431523,-0.025908451841172325,2.19890834974206,0.00041888203502267793,-0.014114184588517827,-0.004798134910347671,24.095264725063156,58.36294240536897,-1.6178260484467382,-6.136948776245117,1001.3631591796875,9.625669997671377,0.08976477556659472,1.8888232345166414
2025-06-08 20:40:36+00:00,6.400000095367432,2.7300000190734863,5.0,23.979591369628903,12.399999618530272,307.79998779296875,17.0,-75.61220068484545,39.885938772931695,0.015742398146539882,-0.033442907668650095,0.0025173116171208335,0.9993073117733001,-0.06697041705250735,-0.0039764761115657025,-0.03163664553314443,9.824729375839233,-0.2578270947560668,0.5246219702251256,0.00795723573712164,-0.03235254151237312,0.018830570082645867,84.35543571472168,56.04875080108643,-2.954839963912964,-5.108839416503907,1001.24072265625,9.787860527038575,0.008238442149013269,0.6551638150215149
2025-06-08 20:40:37+00:00,7.199999809265137,2.7300000190734863,6.0,29.081632614135746,10.880000114440918,315.0,17.0,-75.61230629682541,39.88601148594171,0.01583679985254998,-0.038670015707612,-0.001171581656963092,0.9991153979301453,-0.0773111420869827,0.003567013328429302,-0.031572833321988535,9.891587145188275,-0.3448501324975023,0.817634544682269,0.0013091275445642318,-0.019084395441299695,0.012897633122823498,19.31772357940674,56.82711097717285,-2.656915946006775,-6.204591369628906,1001.3711242675781,9.780264012953815,-0.06947509669607467,0.7549353767843807
2025-06-08 20:40:38+00:00,3.5999999046325684,1.1399999856948853,6.0,30.612245559692383,10.539999961853027,313.5,16.0,-75.61238483525813,39.88607007544488,0.010513246099909964,-0.035161551816955815,-0.006507115711903393,0.9993024131526118,-0.07020186260342594,0.013744994856255164,-0.02056230940734558,10.109016824275889,-0.5695286871013331,0.6223698638062528,0.0013097601586196043,-0.020087731965759293,0.02721248040991968,18.462666273117065,56.76659878094991,-3.061437447865804,-5.641257858276367,1001.3040771484375,9.784497340520224,-0.16900558133299148,0.6848514638841152
2025-06-08 20:40:39+00:00,2.799999952316284,0.9300000071525574,5.0,26.020408630371094,10.779999732971191,311.6000061035156,15.0,-75.61248851940036,39.886139603331685,0.008367413487285324,-0.04708166047930712,-0.0019461896085703882,0.998850769996643,-0.09416583538055416,0.0046712846064473935,-0.016530788037925914,9.834586552211217,-0.8927242091419746,1.2222659216851604,-0.022110607683223784,-0.009367311317521144,0.00939654142771639,17.96188533549406,55.77217436809929,-3.8970285143171037,-5.208453369140625,1001.2525939941406,9.766271305084228,-0.08406459905207153,0.9207061910629273
2025-06-08 20:40:40+00:00,5.400000095367432,2.059999942779541,6.0,26.53061294555664,8.880000114440918,310.8999938964844,14.0,-75.61258600093424,39.88620594609529,0.002081051392926098,-0.04937908928031502,-0.00230747752736885,0.9987726690976516,-0.09879061936036396,0.004811879042434737,-0.003928431491974848,9.97107861439387,-0.3761484142160043,0.884680905379355,0.013997954181832006,0.019864985838163787,0.005960016010552248,17.562916318575542,55.795936504999794,-4.405979077021281,-4.502570724487304,1001.1686096191406,9.761867460997209,-0.08382751922244606,0.9660791521487029
2025-06-08 20:40:41+00:00,5.099999904632568,1.600000023841858,6.0,22.95918273925781,10.429999351501465,312.1000061035156,14.0,-75.61269940808415,39.88628854975104,0.015414882373685587,-0.04524190335844949,-0.016155870902972866,0.998708059390386,-0.09001439359659946,0.0336608230718411,-0.029368455987423627,9.167453622817993,-0.023184853004058818,0.3657277760654688,0.054341358318924844,0.007077576629817471,-0.06315493806498122,18.079179611206055,56.66265510559082,-3.3018079566955567,-3.460061264038086,1001.0446166992188,9.763474901517233,-0.3598849394669135,0.8782077866295973
2025-06-08 20:40:42+00:00,4.900000095367432,1.559999942779541,6.0,26.020408630371094,10.769999504089355,309.1000061035156,13.0,-75.61280845664442,39.886357239447534,0.03601834073662754,-0.03849401161074634,-0.02241772126406426,0.9983477210998535,-0.0753930494189262,0.047553973644971805,-0.07033141002058979,9.190326653274836,-0.10829508337466155,0.6113283050556978,0.032712187595190616,-0.006829733960330486,-0.0332513163436898,18.236509673449458,56.72352561172174,-2.6292244366237094,-3.090907849763569,1001.0007195723684,9.76999807357788,-0.4876781898736954,0.7339301931858063
2025-06-08 20:40:43+00:00,6.0,2.119999885559082,6.0,27.040817260742188,11.359999656677246,305.79998779296875,12.0,-75.61291046440601,39.88642991054803,0.046411602602650676,-0.033801145968027364,-0.031931264209561,0.9978365314503511,-0.06468276299225782,0.06691205649015801,-0.09078709082677956,9.355359924082853,-0.23539217245974103,0.7743623950803766,0.017583464730854065,-0.019448701684287154,-0.031098278379542914,19.003616060529435,57.76699875812141,-2.012004032426951,-2.6388423919677733,1000.9469604492188,9.766792257626852,-0.6691872142255306,0.6290963950256506
2025-06-08 20:40:44+00:00,5.699999809265137,1.909999966621399,6.0,30.612245559692383,11.59000015258789,305.70001220703125,12.0,-75.61302839778364,39.886509119533,0.04605329356023239,-0.03950813116163619,-0.04212807727103326,0.9972653230842279,-0.07528085945820318,0.08777494485280946,-0.088986013768887,9.577451744079589,-0.37320068137720225,0.572863630503416,0.03553044006694103,0.012939751028316094,-0.017693774922518057,19.393933018048603,59.15042797724406,-2.292837450901667,-3.2728553771972657,1001.0223388671875,9.744202399740415,-0.8643589591493412,0.7332962143177889
2025-06-08 20:40:45+00:00,4.199999809265137,1.4800000190734863,6.0,30.10204124450684,12.31999969482422,307.79998779296875,11.0,-75.61312654986978,39.88657449837774,0.05522670000791544,-0.025300888977944806,-0.042083709388971276,0.9972584521770478,-0.046011431515216784,0.08683654308319089,-0.10863500118255612,10.018182411193848,-0.92884102165699,0.3739698175434023,0.022966401111334512,0.017904946467169777,0.02639410773175767,19.7488716506958,58.41750274658203,-0.7456639836728572,-3.614898681640625,1001.0630798339844,9.762323894500732,-0.8522878289222717,0.448998948931694
2025-06-08 20:40:46+00:00,4.599999904632568,1.950000047683716,6.0,28.571428298950195,13.710000038146973,307.3999938964844,10.0,-75.61323953792453,39.886646289378405,0.062124582082033114,-0.02939684297889467,-0.05745315939187999,0.9959722948074341,-0.051804451942443805,0.11837283045053479,-0.12151738256216045,9.526037759780884,-0.8443391673266888,0.3755814106017351,0.019256243966519784,-0.04760985057888318,-0.022457124399079466,19.911131591796874,60.08963478088379,-0.7600599803030491,-3.811086654663086,1001.0863891601563,9.728047676086426,-1.1578695225715636,0.5048709166049957
2025-06-08 20:40:47+00:00,3.700000047683716,1.4500000476837158,6.0,28.571428298950195,13.449999809265137,307.0,10.0,-75.61336241662502,39.88671988248825,0.05808444949341751,-0.03077415303856714,-0.05317659135542661,0.9964092595904481,-0.055519716631548026,0.10975486230032114,-0.11339405003715959,10.08398874133241,-0.9290118682033875,0.41021389390944557,0.032470216308081216,0.040296571814299846,0.03861452748235165,19.935043601989747,59.5623509979248,-0.7825079835578799,-4.349053955078125,1001.1503601074219,9.73610689125809,-1.0682456037577461,0.5443528937358483
2025-06-08 20:40:48+00:00,3.5,1.4600000381469729,6.0,31.632652282714844,13.799999237060549,305.29998779296875,11.0,-75.6134968623519,39.88678605761379,0.06940729434912399,-0.016916171240154605,-0.04545868638282016,0.9964028211931387,-0.027532131023084074,0.09306921452904737,-0.13780241459608075,10.290104269981384,-0.9080041070313504,0.05998909199843183,0.030042284826405915,0.013583808416282107,0.03097014525924255,19.833215869202906,58.14171335648517,0.7509224208033815,-5.420364761352539,1001.27783203125,9.764135698477427,-0.9056173687179884,0.2723520087699095
2025-06-08 20:40:49+00:00,4.0,1.8200000524520876,6.0,31.12244987487793,14.029999732971191,304.1000061035156,11.0,-75.6136295478791,39.88685642369092,0.08580620422959324,-0.002458397852024012,-0.03302266001701351,0.9957590079307557,0.0007720071518269779,0.06623518526554104,-0.17194389820098874,9.806965875625611,-0.6855362635105848,-0.025445874109864236,0.02730740775587034,0.006312828757800149,0.010738437780528316,19.375093421157526,56.27312134723274,2.1494407653808594,-5.462904739379883,1001.2828674316406,9.788684425354004,-0.6455794501304627,-0.0045101673505269
2025-06-08 20:40:50+00:00,5.599999904632568,2.869999885559082,6.0,33.163265228271484,14.229999542236328,304.1000061035156,12.0,-75.61377229169011,39.88693324383348,0.08319733489532856,-0.009408889333622437,-0.022887658441857365,0.9962132633948813,-0.014957745203140084,0.04718365619073104,-0.16627469902135883,9.227786073684692,-0.4684614716283977,0.38766614559106527,0.005022002002301535,-0.016547863704285442,-0.03115095915652962,18.466566864325074,55.387999009112924,1.9437836299137192,-5.393016815185547,1001.2745239257813,9.797602478338748,-0.4595849173409598,0.14935367235115593
2025-06-08 20:40:51+00:00,5.400000095367432,2.259999990463257,6.0,34.693878173828125,13.6899995803833,299.20001220703125,13.0,-75.61391620896757,39.88699262961745,0.08246900612602424,-0.005214363507622337,-0.024212287282761213,0.9962618265833173,-0.006410373559836949,0.04911085484283306,-0.16499582297947937,9.645989787821867,-0.8388943732240979,0.12272574180471048,-0.0043758984372418794,-0.07694036086869174,-0.013357111548634266,18.398362199465435,55.17704065640768,1.8437249573568504,-5.494613265991211,1001.2866363525391,9.797022975220973,-0.4817451366356441,0.06470233636281016
2025-06-08 20:40:52+00:00,4.699999809265137,1.7400000095367432,6.0,36.73469543457031,14.15999984741211,293.79998779296875,13.0,-75.61407001689076,39.8870456032455,0.08434157392808365,-0.008356611795571334,-0.030325912927486414,0.9959302082353708,-0.011551584259663863,0.06185776877159971,-0.1686014070802805,9.612254094104378,-1.103945332522295,-0.18299763020109006,0.01901400114625821,-0.045780904743136175,0.0030915085143143595,18.38844970862071,54.8036695321401,1.5455874589582284,-5.817100906372071,1001.3250122070312,9.789757300396355,-0.6135509768310858,0.11294388938315057
2025-06-08 20:40:53+00:00,3.5999999046325684,1.3899999856948853,6.0,38.26530456542969,14.239999771118164,294.70001220703125,14.0,-75.61422424390912,39.88710821606219,0.08066532074236399,-0.02822573417249843,-0.04294162338563036,0.9954038238992878,-0.049473530850281854,0.0901478203196151,-0.15950222664019637,10.348597975338206,-1.2688344804679645,0.5891203234958298,0.013906990187059981,-0.05327453519053317,0.033165435172051304,17.96254768371582,55.35066680908203,0.40186798937618734,-6.459666603489926,1001.4014089483964,9.756990432739258,-0.8950308058776107,0.479341095569087
2025-06-08 20:40:54+00:00,2.900000095367432,1.1399999856948853,6.0,36.224491119384766,14.420000076293944,297.20001220703125,15.0,-75.61437612399459,39.8871700745076,0.06237882104081408,-0.04082612871813273,-0.033789118519052815,0.9966432315607866,-0.0774418098541597,0.07250681240111585,-0.12220602699865891,9.920022437969843,-0.9510903936655571,0.8732757227335242,0.006572047231505464,-0.00917768980434629,0.02085034184468287,17.40267714675592,54.35572947288046,-0.6296693737409553,-6.334590148925781,1001.3865661621094,9.754322528839111,-0.725304100824439,0.7500598793444426
2025-06-08 20:40:55+00:00,3.0,1.2799999713897705,6.0,30.10204124450684,14.380000114440918,300.3999938964844,15.0,-75.61452490277588,39.887245134450495,0.05813779748976227,-0.042517412677407204,-0.03357134126126761,0.9968370604515076,-0.08116107583045956,0.0719364076852798,-0.11358952730894084,9.862387199401855,-0.6527431825548411,0.9015965099260211,0.012733575569000071,0.012618330505792972,0.008259004575666024,17.160031700134276,54.09821495056153,-0.6892999854683876,-6.479255294799804,1001.4037780761719,9.751874408721925,-0.720593991279602,0.7857153344154358
2025-06-08 20:40:56+00:00,3.400000095367432,1.4900000095367432,6.0,29.59183692932129,15.0,297.8999938964844,16.0,-75.6146761123091,39.88731788937002,0.05681630269605281,-0.034185950625307666,-0.030771831848791616,0.9973232210898886,-0.06487699035479093,0.06531053462198798,-0.11169618641843597,9.496541548748406,-0.8774107928786959,0.8138377119844057,0.0007929298171431409,0.012747034772622328,-0.011586359483474975,17.415499766667683,53.37499896685282,0.15427916326249638,-6.636075210571289,1001.4223785400391,9.767882658510793,-0.6553018141765984,0.6277946452705228
2025-06-08 20:40:57+00:00,4.900000095367432,2.190000057220459,6.0,34.693878173828125,13.609999656677246,298.0,15.0,-75.61482572928071,39.88738175947219,0.06049008256926824,-0.022302140044618585,-0.03432037065527872,0.9973279858122066,-0.04044522360271332,0.0712157091011806,-0.11971494950810252,9.599238726557518,-1.1620138834933846,0.4006501097156077,0.00997296995180418,-0.000634887856811441,-0.0040159701103610656,17.78345161437988,53.23030693054199,1.1594879715144635,-6.224010848999024,1001.373388671875,9.775934491838727,-0.717823496886662,0.38857269287109375
2025-06-08 20:40:58+00:00,4.599999904632568,1.840000033378601,7.0,37.75510025024414,13.5,296.3999938964844,16.0,-75.61496738344431,39.88744902424514,0.06493081972002979,-0.024455674365162796,-0.03831093981862064,0.9968534505367279,-0.04393506288528438,0.0796408367156982,-0.128337490260601,9.651917352676392,-1.1794106870889665,0.5057721160165966,0.00689638202253261,-0.0012200650632075876,-0.002989376052282736,17.74261212348938,53.160990715026855,1.1155374768810968,-5.974184799194336,1001.343618774414,9.767857913970948,-0.8041031789779663,0.42183084428310397
2025-06-08 20:40:59+00:00,3.900000095367432,1.440000057220459,6.0,33.67346954345703,12.90999984741211,292.70001220703125,16.0,-75.61509428545833,39.88751918077469,0.06429557517475007,-0.03608537571770801,-0.040702794963607944,0.9964468783261825,-0.0669768411590128,0.08586195141685249,-0.12599304896228164,9.660569429397583,-1.0016531831026076,0.7304380200058221,0.013685512991505635,0.002140692719840444,0.0020874002925120342,17.35523151397705,53.38109886169433,0.37746799025684596,-6.52747688293457,1001.4095245361328,9.750498504638673,-0.8624544394016266,0.6478604984283447
2025-06-08 20:41:00+00:00,3.400000095367432,1.3600000143051147,6.0,32.65306091308594,12.769999504089355,292.8999938964844,15.0,-75.61522923409939,39.88756880164146,0.0633785061538219,-0.032419400326907585,-0.043330870941281276,0.9965204298496246,-0.05939897254109378,0.09059230163693424,-0.12433562949299809,9.814875700035874,-1.0415708817997757,0.6917028820940426,-0.0022251655733568,-0.01473326793377647,0.0038535097766577205,17.39549171447754,53.26275894165039,0.7849479825794696,-6.1077526092529295,1001.3595886230469,9.751102275848389,-0.9068762791156769,0.5736946725845337
2025-06-08 20:41:01+00:00,4.300000190734863,1.4299999475479126,6.0,29.59183692932129,11.269999504089355,292.29998779296875,16.0,-75.61535211279988,39.88762487657368,0.058768273996455275,-0.03888772595293663,-0.044465374733720454,0.9965212381615931,-0.07265676649249325,0.09332814767044414,-0.11441579445892447,9.74178068978446,-0.9697784288805358,1.0048256879482342,-0.012021740075267278,0.005128382986687038,0.007649920068263087,17.139291763305664,53.21859497070312,0.19593199323862792,-6.094937133789062,1001.3580627441406,9.740197434717295,-0.9325555222375053,0.7032946725280917
2025-06-08 20:41:02+00:00,3.200000047683716,0.9900000095367432,6.0,27.5510196685791,11.279999732971191,293.29998779296875,16.0,-75.61547155492008,39.88767135422677,0.04175233924571344,-0.04367210845253901,-0.041398712947052295,0.9973095521634939,-0.08405757543383809,0.08632819096044615,-0.08004919485170009,9.88754906946299,-1.0003869490964072,1.2983780290399278,-0.03729251114537517,0.012204593175348602,0.016250132858677165,17.10813432810258,53.376492792246296,-0.10033877277556731,-6.643737030029297,1001.4233703613281,9.737955532073975,-0.860644611120224,0.8166364848613739
2025-06-08 20:41:03+00:00,2.299999952316284,0.8299999833106995,6.0,21.93877601623535,11.869999885559082,294.79998779296875,16.0,-75.61559393070638,39.88770781550557,0.02643541849273088,-0.045195218979143574,-0.03963651018691994,0.9978359096190509,-0.08851729815497113,0.0815810867968727,-0.0493533087565618,9.30778927896537,-1.0156051054889081,0.9861279638876737,-0.016120326862780008,-0.002498412003179129,-0.025982377105951752,17.599475746154784,52.90432273864746,-0.46433199115097523,-6.534345626831055,1001.410302734375,9.738067664352117,-0.8125806088541069,0.8616038595928865
2025-06-08 20:41:04+00:00,4.5,1.6200000047683716,6.0,21.428571701049805,11.380000114440918,295.29998779296875,16.0,-75.6157242693007,39.88775228150189,0.017455132808536243,-0.04359007023274894,-0.052875600829720454,0.9974944877624512,-0.08571237295866008,0.10721510395407673,-0.030391090400516935,9.693850440979004,-0.6964388607442379,1.053505609035492,-0.02000966674298975,0.013029349115677167,0.007337377096118873,17.839636238253846,54.89950078847457,0.2268204076253638,-6.348414772435238,1001.3881964432566,9.71679838180542,-1.060611228942871,0.8331358361244202
2025-06-08 20:41:05+00:00,4.599999904632568,1.4700000286102295,5.0,21.93877601623535,10.90999984741211,298.5,16.0,-75.61584840528667,39.88779134117067,0.012243092516247053,-0.03811214286453865,-0.04227339575181197,0.9983024633660609,-0.07540668288663938,0.08544047891485444,-0.02130258007317168,9.807590718172035,-0.2908115260188981,0.658527622911699,0.0028954003019880793,-0.00481501777242982,0.006141212388721037,16.832015932822713,55.33670923661212,-0.22184081261559407,-6.239997100830078,1001.3753051757812,9.745914634393186,-0.8434040096341348,0.7354208279629143
2025-06-08 20:41:06+00:00,4.900000095367432,1.850000023841858,6.0,22.95918273925781,11.329999923706056,294.0,16.0,-75.6159639917314,39.887841758318245,0.015189239261101656,-0.04114899525837018,-0.03356464184364489,0.9984713342725015,-0.081434640805332,0.06833060998089456,-0.02763954192704079,9.869308588456134,-0.24481933485307938,0.6982594555509942,0.006698948343056333,-0.013696647040089766,0.013731654622943635,17.062819986927266,54.145839613311146,-0.011951020063490282,-6.555749130249024,1001.412841796875,9.754414577873385,-0.6732530435737298,0.795359345114961
2025-06-08 20:41:07+00:00,5.400000095367432,1.7899999618530271,6.0,23.46938705444336,11.300000190734863,289.29998779296875,16.0,-75.61608821153641,39.88787532784045,0.017609026084871953,-0.0390866951263965,-0.02337859440198601,0.9988054633140564,-0.07742405762063691,0.04809644271401645,-0.03339230784393367,9.94622771938642,0.03760112380647721,0.7700164145207964,0.0008625335516019961,0.004422305687815713,0.013708939171920053,16.85468898935521,53.54372219329185,-0.08669787177697141,-5.700181198120117,1001.3110656738281,9.769216233111443,-0.4729235869772891,0.7573517231231041
2025-06-08 20:41:08+00:00,2.5,0.8700000047683716,6.0,22.4489803314209,12.59999942779541,293.3999938964844,17.0,-75.61621938832104,39.88793270196766,0.016196227315813258,-0.0398876895010471,-0.010793812740594105,0.9990131366252899,-0.07945054784417148,0.022859795913100195,-0.031515516974031876,9.938314800262452,-0.06900987036526202,0.8262764159962535,-0.0056510028196498615,-0.010165876473183724,0.016646577164283353,17.162227706909178,51.92783500671387,0.09467199459671974,-5.1593070983886715,1001.2467651367188,9.776471900939942,-0.2245364314317703,0.7779373788833618
2025-06-08 20:41:09+00:00,1.899999976158142,0.7699999809265137,6.0,20.918367385864254,12.769999504089355,297.20001220703125,18.0,-75.6163479667157,39.88800222985447,0.013951633239583048,-0.04589045975281263,-0.005503290950567693,0.9988335954899691,-0.09165536931582856,0.01227463147013766,-0.02737102805807878,9.833327541351318,-0.09744550406932831,0.9182137642032466,-0.00276221662061288,0.0005585720777162383,0.005139728144276887,16.756575156231317,51.81862788297692,-0.23229795998456526,-4.741634168122944,1001.197066457648,9.768099498748779,-0.12061740845441815,0.8975254082679749
2025-06-08 20:41:10+00:00,1.7000000476837158,0.7599999904632568,6.0,16.836734771728516,12.699999809265137,299.79998779296875,19.0,-75.61647545546293,39.8880649683997,0.014368345295744243,-0.04658783569323769,-0.009037596857821401,0.9987685996658948,-0.09295177109995663,0.01939298537540796,-0.02786834188261806,9.558751525878906,-0.07460182640701532,0.8295744325220585,0.006288718379919908,-0.005799637551476448,-0.01603703056248282,17.04495703920405,51.9997733095859,-0.6969574314165623,-3.8980194091796876,1001.0966796875,9.765794637251874,-0.18995100989633673,0.9100824485019762
2025-06-08 20:41:11+00:00,1.7999999523162842,0.7599999904632568,5.0,14.795918464660645,12.65999984741211,300.79998779296875,19.0,-75.61660336330533,39.88813085015863,0.016058136766054137,-0.04379642450687831,-0.00957609135277412,0.998864260255074,-0.08731459582946732,0.02053947400833875,-0.03125100252123506,9.8532897404262,-0.0784833983907818,0.9897382495810791,-0.005509043794258366,0.018078663552712093,0.005501906304354104,17.03323296705882,52.215490420659386,-0.2338333287431548,-3.1244922637939454,1001.0046691894531,9.770550903008909,-0.20094185094444117,0.8550984020135841
2025-06-08 20:41:12+00:00,1.600000023841858,0.8600000143051147,6.0,18.87755012512207,13.170000076293944,301.1000061035156,19.0,-75.61672951094806,39.88820230588317,0.010689842752478177,-0.04924678104989067,-0.00397316863304594,0.9987209388550292,-0.09844548207648253,0.008989026928518624,-0.02096446373678264,9.906662999367228,-0.13665272521653346,0.8803516319211648,-0.001892087547517163,-0.010843731489089516,0.008613467523418315,16.863885412410813,51.91373778362664,-0.7494285558255351,-2.450579833984375,1000.924560546875,9.762073616186777,-0.08717972164352732,0.9643376643459002
2025-06-08 20:41:13+00:00,2.0999999046325684,0.9399999976158142,5.0,17.346939086914062,14.09999942779541,299.70001220703125,20.0,-75.6168810557574,39.88827019929886,0.013299466166645244,-0.05306325994431968,-0.00381641159765417,0.9984946286678315,-0.10606811463832849,0.009031818704679563,-0.026158321984112214,9.7190313911438,-0.2152806304581463,0.9397540893778205,0.010527266304998168,0.012231960047502053,0.005968426371691737,16.537587547302245,51.69530281066895,-0.9811239752173424,-1.902440643310547,1000.8594055175781,9.754465713500977,-0.08801939368247982,1.0384574234485626
2025-06-08 20:41:14+00:00,1.7999999523162842,0.8299999833106995,5.0,16.836734771728516,13.489999771118164,300.29998779296875,21.0,-75.61702245846391,39.888333063572645,0.017228622939817705,-0.041112610348025096,-0.007273997408242811,0.9989733355385917,-0.08199163936838808,0.015946920485976963,-0.0338439346120065,9.43715676482843,-0.31433516772159814,0.7771367986629508,0.010535804010756588,0.040963847576806815,-0.021094379858683992,16.771265010444484,51.81140728386081,-0.1752816255451465,-1.2521770477294922,1000.7820434570312,9.775533345280861,-0.15530764600452107,0.8038483152584154
2025-06-08 20:41:15+00:00,2.799999952316284,1.2200000286102295,5.0,15.306122779846191,13.529999732971191,304.3999938964844,21.0,-75.61715539544821,39.88840678241104,0.01833899367600675,-0.02306596029549833,-0.01587433144450183,0.9994371044635773,-0.04556413508951659,0.03258314508944745,-0.035956871509551964,9.431233348846435,-0.3658415025472641,0.49932572700083255,-3.3973941754083925e-05,0.024535531881265327,-0.018768950933008448,17.54982415024115,52.66241953324298,1.0977510020745045,-0.7313846588134766,1000.7200927734375,9.794529113769531,-0.3192560702562332,0.4465333878993988
2025-06-08 20:41:16+00:00,1.399999976158142,0.7300000190734863,5.0,16.836734771728516,13.460000038146973,304.8999938964844,22.0,-75.61728925444186,39.88847614265978,0.017447780817747068,-0.027723629474639848,-0.023178099207580037,0.9991876542568207,-0.05468525953590866,0.04729932680726046,-0.03361638370901341,9.401151704788209,-0.31319599750393534,0.6571784371510148,-0.00771875176484171,-0.04319090321660039,-0.02423742689832577,17.592648681329223,53.26992945768395,0.9580734493781109,-0.9569034576416016,1000.7469482421875,9.784135036468506,-0.4634475094079971,0.535560091137886
2025-06-08 20:41:17+00:00,3.200000047683716,1.5299999713897705,5.0,17.85714340209961,13.90999984741211,304.3999938964844,22.0,-75.61742302961648,39.88854282069951,0.01328080412000412,-0.04177941858768459,-0.034174104258418034,0.9984498524665832,-0.08281585589051244,0.06940545529127116,-0.02372528683394188,9.705076122283936,-0.48938230812549594,0.8333707393705845,-0.005511443191790006,-0.03327150427154263,-0.0037201492796884762,17.84536279950823,54.552921295166016,0.0022408153329576777,-0.3514251708984375,1000.6749267578125,9.75271743774414,-0.679745523929596,0.8095922601222992
2025-06-08 20:41:18+00:00,3.200000047683716,1.4500000476837158,5.0,16.836734771728516,14.359999656677246,303.5,21.0,-75.61756879091263,39.88862089812756,0.01745212068186791,-0.04262786239702646,-0.034904135510008344,0.9983279388001625,-0.08420707221995004,0.07123962837330834,-0.03195661544165708,9.6070015576421,-0.6513954052815631,0.7059902243164121,0.014080026979339558,0.0009965153401527448,0.00013085219495911421,17.499530286205058,54.604460112902586,-0.0881387775725856,-0.3560504913330078,1000.6754760742188,9.750467936197916,-0.697789323826631,0.8230755478143692
2025-06-08 20:41:19+00:00,2.5999999046325684,1.149999976158142,6.0,17.85714340209961,14.019999504089355,299.79998779296875,20.0,-75.61772050336003,39.888690300285816,0.01886730968952175,-0.04612538829445834,-0.03155895445495839,0.9982582473754883,-0.0912167631089687,0.06479413419961925,-0.034837111085653266,9.596808853149414,-0.49876758148893713,0.8821765334345401,0.004526864488143462,-0.007531561926007267,-0.0059078063536435335,16.868207664489745,54.79995872497559,-0.6178079867735505,-0.2815380096435547,1000.6666259765625,9.748727073669434,-0.6344228887557983,0.891940016746521
2025-06-08 20:41:20+00:00,4.699999809265137,1.9800000190734863,6.0,23.979591369628903,12.519999504089355,295.70001220703125,20.0,-75.6178496684879,39.888736945576966,-0.01761090823886341,-0.020591630752445435,-0.03697094708985207,0.9989445842042262,-0.042569306051852704,0.07320522182449998,0.03681200294166191,9.735356953679299,-0.7741455776350838,0.4045956582306143,0.004387114354191263,-0.020170257605727503,0.005110029774428125,16.071383301092652,51.35378257595763,-0.11677142715423691,-1.2129476446854441,1000.7773726613898,9.77474189291195,-0.7167194205887464,0.4165854971019589
2025-06-08 20:41:21+00:00,4.099999904632568,1.5099999904632568,6.0,21.428571701049805,14.31999969482422,298.20001220703125,20.0,-75.61798386275768,39.88879620563239,-0.01548624481549672,-0.01506002013552549,-0.03707022767285907,0.9990757411840011,-0.031331225887549115,0.07367100627446657,0.03215345200531331,9.865926509000817,-0.6534536828534031,0.2183823422813902,0.006200350811366414,0.03956491918046482,-0.010128972822044759,15.838836377980758,51.39685611335599,0.1951999949405388,1.1290397644042969,1000.4989318847656,9.77850223074154,-0.7213355509602294,0.3067486973441377
2025-06-08 20:41:22+00:00,1.600000023841858,0.7599999904632568,6.0,21.428571701049805,14.389999389648438,298.1000061035156,21.0,-75.618114201352,39.8888535797596,-0.015929298177361436,-0.01944543328136201,-0.041447933465242344,0.99882288813591,-0.040313041731715155,0.08227064058184619,0.033553406521677924,9.679751462936402,-0.8158736084401608,0.44382813272997734,-0.004906573448970438,-0.019282890143804222,-0.004454919620184232,15.894159698486328,51.771675186157225,-0.5133759883791208,-1.1964248657226562,1000.7754211425781,9.768860225677491,-0.8054758143424988,0.39435315012931826
2025-06-08 20:41:23+00:00,2.200000047683716,0.9399999976158142,6.0,22.4489803314209,14.559999465942385,299.0,20.0,-75.61825669370592,39.88893568050116,-0.01640941921621556,-0.01946006506681437,-0.04422473028302188,0.9986961174011231,-0.040487698018550816,0.08780853763222689,0.034637218564748724,9.767780265808106,-0.7211141007952392,0.4321070177294314,-0.0019425114790646938,0.01648037115432088,-0.001428905066568398,16.030799865722656,52.11132316589355,-0.3247639949247241,-0.5879096984863281,1000.7030944824219,9.764195137023925,-0.8596230614185333,0.3959248375892639
2025-06-08 20:41:24+00:00,2.0999999046325684,0.959999978542328,6.0,21.428571701049805,14.979999542236328,299.1000061035156,20.0,-75.61841594986618,39.88900407683104,-0.01844733208417888,-0.021931086229730584,-0.043758648466698934,0.998630706144839,-0.04560365588689332,0.08669691836955591,0.03891911152370117,9.68579984664917,-0.9382771664857864,0.4836900964938104,-0.001023549006495156,0.006650903578847642,-2.4980925372807896e-05,15.478383712768554,52.30969505310058,-0.930859976708889,-1.1501850128173827,1000.7699279785156,9.763017790658134,-0.8487982494490487,0.4459598398938471
2025-06-08 20:41:25+00:00,1.5,0.7400000095367432,5.0,17.85714340209961,14.960000038146973,298.8999938964844,19.0,-75.61856632120907,39.88907938823104,-0.017402707799976904,-0.022564774233044316,-0.04394975655219129,0.9986260264527564,-0.04678985198923181,0.08710421636408447,0.03688985014370839,9.492093963623047,-0.911692556142807,0.2880853116698563,0.008492838280896305,-0.01303380316890336,-0.009949565151199574,15.404118031871562,52.2112685223015,-0.750673451137786,-1.4102823357833059,1000.8008390727796,9.762103155547498,-0.8528561428481457,0.4575624232198678
2025-06-08 20:41:26+00:00,1.600000023841858,0.7799999713897705,5.0,18.87755012512207,14.729999542236328,300.70001220703125,19.0,-75.61871048994362,39.88915331661701,-0.01229231540417788,-0.024738064605970722,-0.04755498772981211,0.9984863181503452,-0.05081924780899161,0.09449840352243301,0.02702417821452321,9.814054288864135,-0.9586443430185319,0.4137135620415211,0.009152986127883157,-0.0017619831836782301,0.005206343804020425,15.466549694538116,52.3232573668162,-0.8504416402429342,-1.9576641082763673,1000.8659057617188,9.753640727996826,-0.925128448009491,0.49667824506759645
2025-06-08 20:41:27+00:00,1.7000000476837158,0.8299999833106995,5.0,15.816326141357422,14.989999771118164,302.5,19.0,-75.61885507777333,39.88923587836325,-0.009607761109970001,-0.021940992955042336,-0.052332584042938335,0.9983421077533644,-0.04507502905872399,0.10425903055132646,0.021599194719170996,9.682090545187192,-0.9531793375404514,0.585348727447646,-0.006018857103392314,0.009864209736554814,-0.0044041081540742615,15.934724648793539,52.8755616346995,-0.871283322883149,-2.498141860961914,1000.9302062988281,9.746842443943024,-1.0203996847073238,0.44018102809786797
2025-06-08 20:41:28+00:00,3.799999952316284,1.830000042915344,5.0,16.32653045654297,15.4399995803833,301.5,19.0,-75.6190051138401,39.88931730855256,-0.012982569920013096,-0.016531576345465572,-0.055036176832354754,0.998262632866295,-0.034649998937942496,0.10967172819132703,0.027911082062185972,9.56887300647035,-1.0643127441254197,0.3417493861586768,-0.0015749835378932122,-0.0015450740228312092,-0.011805579358502759,16.07203573226929,53.41086700439453,-0.40430799160152675,-2.344889831542969,1000.9120483398438,9.745227171450246,-1.073210399978015,0.338410701070513
2025-06-08 20:41:29+00:00,4.699999809265137,2.650000095367432,5.0,18.36734771728516,17.60999870300293,302.70001220703125,19.0,-75.61916571110487,39.88940678536892,-0.011847955842866797,-0.018438519424070432,-0.05531704547288621,0.9982279979664347,-0.038364759200940915,0.11022387202019271,0.025853809536151212,9.766074525549056,-1.24565188539155,0.3917671718258173,0.0030944372460424275,0.006409627168242406,0.005717604476190657,16.102982958157856,53.06161165237427,-0.4872374905583759,-2.963446044921875,1000.9855346679688,9.743309103924295,-1.078642707803975,0.3746365496645803
2025-06-08 20:41:30+00:00,1.7999999523162842,1.409999966621399,5.0,17.85714340209961,19.96999931335449,328.1000061035156,20.0,-75.6192939542234,39.88956985529512,-0.010559437302302287,-0.019699315255393743,-0.054279446449814965,0.9982750853713678,-0.040726560110948475,0.10816619499605526,0.023360506764479996,9.863970464589645,-1.0472922312970063,0.40994291157670776,0.0025898520735256323,0.003861326781310594,0.006831159797373535,15.749940202591267,52.82885474347054,-0.5840425417619817,-4.076371383666992,1001.1179809570312,9.74461462100347,-1.0583428765336673,0.3976027276366949
2025-06-08 20:41:31+00:00,3.799999952316284,2.1700000762939453,5.0,18.36734771728516,15.369999885559082,329.6000061035156,17.0,-75.61940350569785,39.88967454526573,-0.010751343213338743,-0.019802891114290674,-0.052387884164110096,0.9983709289672527,-0.04090205223319374,0.10436834569307078,0.023674972394996455,9.77375171581904,-0.9412485972667733,0.49059935824091855,0.003213183989327241,0.01821393368418841,0.004466985100500116,15.482578358751661,52.8119816881545,-0.4088297826733361,-3.871463394165039,1001.0935668945312,9.748370910177426,-1.0218683286589019,0.3999062667087633
2025-06-08 20:41:32+00:00,3.799999952316284,1.75,5.0,18.36734771728516,15.359999656677246,315.0,15.0,-75.61953971162438,39.88975094631314,-0.010736807085135351,-0.01923306994870592,-0.047882359913166785,0.9986089129073947,-0.039631363296625616,0.09536351263523098,0.023393543035376264,9.805313718085195,-0.8566283537987985,0.26930074868997667,0.002555558035822418,-0.018197166764259542,0.003648511413142394,15.570127658843994,52.07935920715332,-0.3564839939773083,-3.9282726287841796,1001.10029296875,9.757731138491163,-0.9336089094479879,0.387636298642439
2025-06-08 20:41:33+00:00,4.599999904632568,2.3299999237060547,5.0,19.897958755493164,15.920000076293944,300.79998779296875,13.0,-75.61969645321369,39.88979327492416,-0.004173120767809404,-0.024139853268861727,-0.044443351402878715,0.9987091100215912,-0.04879966616630549,0.08868829354643816,0.010522582288831423,9.744991970062255,-0.9901535421609878,0.4293940889276564,0.004970857487060118,-0.027850325311082974,0.003935317626455792,15.256587638854981,52.1164469909668,-0.9908839652314783,-5.1894287109375,1001.2503112792969,9.759727401733398,-0.8684389185905457,0.4773718333244324
2025-06-08 20:41:34+00:00,4.699999809265137,2.190000057220459,5.0,20.918367385864254,15.969999313354492,295.70001220703125,12.0,-75.61986836604774,39.88985207397491,-0.00557386708445842,-0.030525889247655816,-0.04047804288566108,0.998693300485611,-0.0616627405583858,0.08059248924255367,0.013648817818611807,9.843841133117676,-1.0059193515777587,0.7462487279609195,-0.010026649931678509,-0.03143324631964785,0.008780271667055773,15.17948377609253,51.47155517578125,-1.7816879618167878,-4.769571685791016,1001.2003784179688,9.759367599487305,-0.7893663775920868,0.6032637166976929
2025-06-08 20:41:35+00:00,3.900000095367432,1.7999999523162842,5.0,20.40816307067871,15.25999927520752,300.79998779296875,12.0,-75.6200189050287,39.88992143422365,-0.010469283813572611,-0.03175675504061636,-0.04391833485997449,0.9984700801421185,-0.06462672375598728,0.08714802183058794,0.023788631228463947,9.695897005042251,-0.9912956989541346,0.7374217467648643,-0.0009675918836728662,0.04082538217655379,-0.000439996146014886,15.17729767001405,51.84277873136559,-1.6146326198869823,-4.951228332519531,1001.2220031738282,9.752148550383898,-0.8534754806635331,0.6318253753136616
2025-06-08 20:41:36+00:00,3.0999999046325684,1.409999966621399,5.0,19.897958755493164,14.889999389648438,305.0,12.0,-75.62016525305808,39.89000227767974,-0.009403486165921257,-0.019395523723594953,-0.04331221218620023,0.9988287358867879,-0.039718436723460905,0.08626524480629937,0.020542615226336842,9.830303561930753,-0.7970737197569439,0.2856230704608012,0.00434904833346822,-0.003153365854962659,0.007213180084957506,15.52636701233533,52.037729769336934,-0.9189836510590145,-5.553005981445312,1001.2936096191406,9.765808708813726,-0.8448481705723977,0.38875781759923816
2025-06-08 20:41:37+00:00,2.799999952316284,1.25,5.0,27.5510196685791,15.299999237060549,301.1000061035156,11.0,-75.62031730078161,39.89004489965737,-0.006523484485223841,-0.018650825731456232,-0.04076770238578315,0.9989728093147278,-0.03792957000434394,0.08129817515611645,0.01460367770865555,9.74554230185116,-0.9338882973088938,0.37698407175348086,0.001548813151894126,-0.005948441742220882,0.0006398430612171055,15.399885352776975,51.61595792186503,-0.8139142659397758,-5.189825439453125,1001.2503662109375,9.770554370880127,-0.7962835860252381,0.3714191222190857
2025-06-08 20:41:38+00:00,5.599999904632568,3.75,5.0,25.0,15.460000038146973,298.5,10.0,-75.6204835139215,39.89009485580027,-0.008889270820266826,-0.01702644869995609,-0.04334892324792838,0.9988729134202003,-0.034921247977763366,0.08640420079852139,0.019306885932261705,10.291935801506042,-1.4041010942310095,0.5631346351583488,-0.017789146115925736,-0.0029977028880239227,0.03058420265733729,15.53111883934508,51.36251798589179,-0.5783319032572686,-5.666094589233398,1001.3070373535156,9.767369667689005,-0.8463341780006886,0.34182340651750565
2025-06-08 20:41:39+00:00,8.0,4.800000190734863,5.0,29.59183692932129,14.199999809265137,295.20001220703125,10.0,-75.62065400183201,39.890135801397264,-0.01646282466405879,-0.024335802750701557,-0.03986381121138305,0.9987695026904979,-0.050098792669620876,0.07890946608274538,0.0349358867933141,10.518218344830451,-1.4303858829216358,0.634477778872911,-0.02171775500322291,-0.009427173335620384,0.04032973397493439,16.151242215582666,52.04597757217732,-1.0876170040920694,-5.3045001983642575,1001.2640075683594,9.767058250751901,-0.7732122071245884,0.49040578971517845
2025-06-08 20:41:40+00:00,4.099999904632568,1.5800000429153442,5.0,19.897958755493164,13.960000038146973,307.8999938964844,11.0,-75.62080169096589,39.89019384607673,-0.02294045690602307,-0.03441375788922107,-0.05827550341685609,0.9974414159854254,-0.07186284009367223,0.11492614836121594,0.05012957627574597,10.057152660525574,-1.0856116663436501,0.8380377805050538,-0.010698944331403332,0.0048524039198777555,-0.004337492396133502,16.56048309803009,49.62121136983236,-2.403399973642081,-5.607173156738281,1001.3000244140625,9.720031082630157,-1.1248064786195755,0.7004562566677729
