time,seconds_elapsed,bearingAccuracy,speedAccuracy,verticalAccuracy,horizontalAccuracy,speed,bearing,altitude,longitude,latitude
1691185679400000000,0.824,0,0,12.377603530883789,77.5999984741211,0,0,10.5,-75.2957588,40.1050023
1691185689486000000,10.910000244140624,0,0,5.421502113342285,42.5,0,0,10.5,-75.2957727,40.1050047
1691185694499000000,15.923,0,0,16.59490394592285,92.9000015258789,0,0,10.5,-75.2957678,40.1050008
1691185699496000000,20.92,0,0,12.377603530883789,77.5999984741211,0,0,10.5,-75.2957588,40.1050023
1691185704501000000,25.925,0,0,7.479101181030273,68.4000015258789,0,0,10.5,-75.2957676,40.1049951
1691185709510000000,30.934000244140623,0,0,3.803657054901123,34.2760009765625,0,0,10.199999809265137,-75.2948431,40.1055214
1691185719779000000,41.203,0,0,9.58521556854248,64.0999984741211,0,0,10.5,-75.2957599,40.1049964
1691185728518000000,49.94200024414062,0,0,4.047811031341553,38.125999450683594,0,0,7.099999904632568,-75.2948995,40.103123
1691185733506000000,54.92999975585938,0,0,30.565101623535156,122.4000015258789,0,0,9.199999809265137,-75.2933802,40.1055758
1691185753521000000,74.945,0,0,2.808607578277588,36.900001525878906,0,0,5.300000190734863,-75.2918871,40.1030749
1691185760487000000,81.911,0,0,4.784952163696289,60,0,0,5.300000190734863,-75.291878,40.1030834
1691185765501000000,86.925,0,0,7.7500128746032715,77.5999984741211,0,0,5.300000190734863,-75.2917972,40.1031519
1691185805490000000,126.91399975585938,0,0,41.602500915527344,135.60000610351562,0,0,5.099999904632568,-75.2825426,40.106003
1691185825510000000,146.93400024414063,0,0,2.5318243503570557,38.391998291015625,0,0,7.200000286102295,-75.2814813,40.1047837
1691185832508000000,153.932,0,0,2.39630389213562,38.599998474121094,0,0,7.200000286102295,-75.2813828,40.1048009
1691185837513000000,158.937,0,0,4.469260215759277,55.4900016784668,0,0,7.200000286102295,-75.2814808,40.1047778
1691185842501000000,163.925,0,0,6.091701030731201,52.13100051879883,0,0,7.200000286102295,-75.2816028,40.1048212
1691185847588000000,169.012,0,0,6.30557918548584,39.5359992980957,0,0,7.200000286102295,-75.2814633,40.1047498
1691185852523000000,173.947,0,0,5.013944625854492,51.94599914550781,0,0,7.200000286102295,-75.2813434,40.1047225
1691185857582000000,179.00600024414064,0,0,9.029659271240234,64.7490005493164,0,0,8.09999942779541,-75.2805334,40.1044449
1691185862617000000,184.041,0,0,5.358872413635254,71.23699951171875,0,0,7.200000286102295,-75.281368,40.1049122
1691185867570000000,188.99399975585936,0,0,5.4260077476501465,44.694000244140625,0,0,7.200000286102295,-75.2815883,40.1048901
1691185872589000000,194.013,0,0,6.6998443603515625,43.98699951171875,0,0,7.200000286102295,-75.2815815,40.1047898
1691185879842000000,201.26599975585938,0,0,9.938459396362305,48.13100051879883,0,0,7.200000286102295,-75.2815401,40.1047794
1691185882628000000,204.052,0,0,5.828048229217529,43.2400016784668,0,0,7.200000286102295,-75.2814813,40.104822
1691185887686000000,209.11000024414062,0,0,3.304456949234009,41.189998626708984,0,0,8.09999942779541,-75.2810396,40.1047499
1691185892704000000,214.128,0,0,1.4593812227249146,51.928001403808594,0,0,7.200000286102295,-75.2815139,40.1047497
1691185952663000000,274.087,0,0,16.413040161132812,180,0,0,18.5,-75.2804547,40.1090436
1691186012684000000,334.108,0,0,14.976900100708008,107.90399932861328,0,0,23.69999885559082,-75.2855947,40.1122912
1691186072703000000,394.127,0,0,6.400384426116943,77.5999984741211,0,0,21,-75.2797289,40.1091856
1691186092775000000,414.199,0,0,14.579506874084473,98.4000015258789,0,0,48.10000228881836,-75.2811282,40.1192772
1691186112737000000,434.161,0,0,18.489999771118164,98.4000015258789,0,0,79,-75.2842173,40.1233847
1691186132731000000,454.155,0,0,2.7405123710632324,26.121000289916992,0,0,50.30000305175781,-75.2860273,40.1285445
1691186192780000000,514.204,0,0,30.565101623535156,122.4000015258789,0,0,74.70000457763672,-75.2870314,40.1455227
1691186212791000000,534.215,0,0,26.625600814819336,116.0999984741211,0,0,43,-75.2959542,40.152381
1691186232795000000,554.219,0,0,13.312800407409668,116.0999984741211,0,0,59.400001525878906,-75.2961958,40.1582068
1691186352078000000,673.5020002441406,0,0,0,1600,0,0,0,-75.3013121,40.1773234
1691186372095000000,693.519,0,0,0,1500,0,0,0,-75.3188063,40.2027451
1691186392104000000,713.528,0,0,0,1500,0,0,0,-75.3188063,40.2027451
1691186412109000000,733.533,0,0,0,1500,0,0,0,-75.3188063,40.2027451
1691186432108000000,753.532,0,0,0,1600,0,0,0,-75.330468,40.2208336
1691186452857000000,774.281,0,0,49.510414123535156,142.5,0,0,62.20000076293945,-75.3269488,40.2132669
1691186472895000000,794.319,0,0,26.625600814819336,116.0999984741211,0,0,38.10000228881836,-75.330942,40.2238843
1691186492896000000,814.32,0,0,8.995135307312012,82.5,0,0,47,-75.332703,40.2287388
1691186512924000000,834.348,0,0,30.565101623535156,122.4000015258789,0,0,40.400001525878906,-75.3362518,40.2342179
1691186519836000000,841.26,0,0,23.401405334472656,110,0,0,36.400001525878906,-75.3393056,40.2337813
1691186552929000000,874.353,0,0,23.401405334472656,110,0,0,51.60000228881836,-75.3452915,40.2458808
1691186572939000000,894.363,0,0,20.729272842407227,104.0999984741211,0,0,49.20000076293945,-75.3469485,40.2475315
1691186679847000000,1001.271,0,0,7.469775676727295,82.5,0,0,60.20000076293945,-75.3601499,40.275296
1691186712986000000,1034.4099997558594,0,0,2.1042699813842773,35.36000061035156,0,0,66.20000457763672,-75.3650885,40.2863526
1691186732228000000,1053.652,0,0,0,1700,0,0,0,-75.3647191,40.2868487
1691186793010000000,1114.4339997558593,0,0,26.625600814819336,116.0999984741211,0,0,68.80000305175781,-75.3728267,40.3086098
1691186813025000000,1134.449,0,0,41.602500915527344,135.60000610351562,0,0,79.30000305175781,-75.3767943,40.3133832
1691186872294000000,1193.7180002441405,0,0,0,1700,0,0,0,-75.3851203,40.3416445
1691186912304000000,1233.728,0,0,0,1700,0,0,0,-75.3851203,40.3416445
1691186991537000000,1312.961,0,0,8.595064163208008,82.5,0,0,57.30000305175781,-75.3814319,40.3288922
1691186996584000000,1318.008,0,0,6.846582889556885,92.9000015258789,0,0,56.10000228881836,-75.3815054,40.328854
1691186999786000000,1321.2099997558594,0,0,3.3467934131622314,89.8270034790039,0,0,55.900001525878906,-75.3816105,40.329029
1691187021595000000,1343.019,0,0,30.565101623535156,122.4000015258789,0,0,61.5,-75.3803683,40.3319581
1691187120808000000,1442.232,0,0,0,1200,0,0,0,-75.3876703,40.3450951
1691187141554000000,1462.9779997558594,0,0,35.44828414916992,128.8990020751953,0,0,122.5999984741211,-75.3868235,40.3469398
1691187159856000000,1481.28,0,0,20.729272842407227,104.0999984741211,0,0,122.5999984741211,-75.3868212,40.3469564
1691187200843000000,1522.267,0,0,0,1899.9990234375,0,0,0,-75.3559748,40.2729072
1691187220865000000,1542.289,0,0,0,2099.9990234375,0,0,0,-75.4000552,40.3685407
1691187240877000000,1562.301,0,0,0,2099.9990234375,0,0,0,-75.4000552,40.3685407
1691187260879000000,1582.303,0,0,0,2099.9990234375,0,0,0,-75.4000552,40.3685407
1691187280883000000,1602.307,0,0,0,2099.9990234375,0,0,0,-75.4000552,40.3685407
1691187300890000000,1622.3139997558594,0,0,0,2099.9990234375,0,0,0,-75.4000552,40.3685407
1691187341657000000,1663.081,0,0,6.23388147354126,42.5,0,0,122.5999984741211,-75.4092683,40.3874369
1691187521710000000,1843.1340002441407,0,0,26.625600814819336,116.0999984741211,0,0,126.70000457763672,-75.4203772,40.433057
1691187541723000000,1863.147,0,0,14.976900100708008,87.5999984741211,0,0,126.70000457763672,-75.4203681,40.4330535
1691187561723000000,1883.147,0,0,7.462552547454834,70.2770004272461,0,0,129,-75.4248765,40.4380378
1691187621763000000,1943.187,0,0,35.44828414916992,128.8990020751953,0,0,144.09999084472656,-75.4313667,40.4480655
1691187661776000000,1983.2,0,0,6.7301249504089355,82.5,0,0,160.89999389648438,-75.4419017,40.4556203
1691187701099000000,2022.523,0,0,0,1100,0,0,0,-75.4575954,40.4573352
1691187721114000000,2042.5379997558593,0,0,0,1799.9990234375,0,0,0,-75.4543184,40.4684477
1691187741060000000,2062.484,0,0,0,1799.9990234375,0,0,0,-75.4543184,40.4684477
1691187761076000000,2082.5,0,0,0,1899.9990234375,0,0,0,-75.4535901,40.483935
1691187781832000000,2103.256,0,0,15.204974174499512,116.0999984741211,0,0,182.6999969482422,-75.4596181,40.4819346
1691187801095000000,2122.519,0,0,0,1700,0,0,0,-75.4717949,40.4887586
1691187821845000000,2143.269,0,0,30.565101623535156,122.4000015258789,0,0,167.79998779296875,-75.4712046,40.492018
1691187841112000000,2162.536,0,0,0,1700,0,0,0,-75.4717949,40.4887586
1691187861854000000,2183.2780002441405,0,0,20.729272842407227,104.0999984741211,0,0,176.1999969482422,-75.483452,40.4968809
1691187881206000000,2202.630000244141,0,0,0,1700,0,0,0,-75.4717949,40.4887586
1691187901151000000,2222.575,0,0,0,1600,0,0,0,-75.4958219,40.5046035
1691187921882000000,2243.3059997558594,0,0,8.579151153564453,68.4000015258789,0,0,149.79998779296875,-75.5016894,40.5064395
1691187941915000000,2263.339,0,0,11.324687957763672,72.9000015258789,0,0,124.0999984741211,-75.5033074,40.5112591
1691187959894000000,2281.3180002441404,0,0,16.59490394592285,92.9000015258789,0,0,119.70000457763672,-75.5076341,40.5151862
1691187981921000000,2303.345,0,0,9.875082969665527,26.506000518798828,0,0,100,-75.5127085,40.5213041
1691188001973000000,2323.397,0,0,1.7354460954666138,21.325000762939453,0,0,85.20000457763672,-75.5155444,40.5271023
1691188021986000000,2343.409999755859,0,0,18.489999771118164,98.4000015258789,0,0,92.20000457763672,-75.5204013,40.5321142
1691188119903000000,2441.327,0,0,14.976900100708008,87.5999984741211,0,0,85.30000305175781,-75.5381882,40.5508056
1691188142025000000,2463.449,0,0,9.709497451782227,92.9000015258789,0,0,106.30000305175781,-75.5412704,40.5570116
1691188162019000000,2483.443,0,0,10.912131309509277,98.4000015258789,0,0,97.80000305175781,-75.5484207,40.5618779
1691188182038000000,2503.4620002441407,0,0,20.729272842407227,104.0999984741211,0,0,92.9000015258789,-75.5513215,40.5648136
1691188202061000000,2523.485,0,0,5.827945709228516,56.099998474121094,0,0,86.5,-75.5516025,40.5689116
1691188262096000000,2583.52,0,0,13.584489822387695,82.5,0,0,79.9000015258789,-75.5583362,40.5804907
1691188279930000000,2601.353999755859,0,0,2.7709343433380127,29.299999237060547,0,0,81.5999984741211,-75.5605292,40.5806723
1691188302090000000,2623.5139997558595,0,0,10.992219924926758,104.0999984741211,0,0,80.5,-75.5614204,40.5812194
1691188317243000000,2638.667,0,0,5.182945251464844,29.96500015258789,0,0,92.5999984741211,-75.5632021,40.5861
1691188342092000000,2663.516,0,0,41.602500915527344,135.60000610351562,0,0,105.5,-75.5664676,40.5901104
1691188439932000000,2761.356,0,0,26.625600814819336,116.0999984741211,0,0,101.4000015258789,-75.5757118,40.6124351
1691188521418000000,2842.8419997558594,0,0,0,2000,0,0,0,-75.5798858,40.63419
1691188542174000000,2863.5980002441406,0,0,15.514041900634766,39.01300048828125,0,0,116,-75.5832322,40.641876
1691188562171000000,2883.595,0,0,5.496109962463379,56.099998474121094,0,0,135.1999969482422,-75.5861591,40.6471055
1691188582176000000,2903.6,0,0,3.146199941635132,37.986000061035156,0,0,124.70000457763672,-75.5882372,40.6514769
1691188599945000000,2921.369,0,0,7.123376846313477,82.5,0,0,124,-75.5883462,40.6566009
1691188622226000000,2943.6499997558594,0,0,4.769713401794434,68.4000015258789,0,0,148,-75.5934124,40.6611353
1691188642243000000,2963.667,0,0,20.729272842407227,104.0999984741211,0,0,125.20000457763672,-75.5955025,40.6685906
1691188661548000000,2982.972,0,0,0,1100,0,0,0,-75.601349,40.6760743
1691188682244000000,3003.668,0,0,100,110,0,0,146.79998779296875,-75.6026764,40.6767506
1691188701498000000,3022.9219997558594,0,0,0,500,0,0,0,-75.6031678,40.6787905
1691188722356000000,3043.78,0,0,6.870137691497803,60,0,0,152.59999084472656,-75.6024516,40.6858838
1691188742287000000,3063.711,0,0,12.901257514953613,82.5,0,0,159.6999969482422,-75.6038724,40.6907187
1691188759934000000,3081.358000244141,0,0,32.26565933227539,92.9000015258789,0,0,171.5,-75.6054466,40.6959715
1691188782268000000,3103.692,0,0,16.000455856323242,98.4000015258789,0,0,172.09999084472656,-75.607683,40.7021042
1691188802300000000,3123.724,0,0,20.729272842407227,104.0999984741211,0,0,201.89999389648438,-75.6117352,40.7057436
1691188822317000000,3143.741,0,0,20.729272842407227,104.0999984741211,0,0,216.29998779296875,-75.615418,40.7097459
1691188841583000000,3163.007,0,0,0,1200,0,0,0,-75.6140799,40.7068861
1691188861590000000,3183.014000244141,0,0,0,1799.9990234375,0,0,0,-75.5889808,40.6832023
1691188982415000000,3303.839,0,0,8.217778205871582,56.099998474121094,0,0,135.59999084472656,-75.6349715,40.7414816
1691189002447000000,3323.871,0,0,20.729272842407227,104.0999984741211,0,0,131.79998779296875,-75.6380388,40.7517136
1691189021689000000,3343.113,0,0,0,2700,0,0,0,-75.6369928,40.7579019
1691189062459000000,3383.883,0,0,30.890026092529297,104.0999984741211,0,0,179.29998779296875,-75.6437215,40.7670056
1691189101802000000,3423.2259997558594,0,0,0,2700,0,0,0,-75.6369928,40.7579019
1691189115232000000,3436.656,0,0,0,2200,0,0,0,-75.6555387,40.7825847
1691189230529000000,3551.953,0,0,16.59490394592285,92.9000015258789,0,0,129.59999084472656,-75.6746918,40.7959859
1691189239950000000,3561.3740002441405,0,0,18.489999771118164,98.4000015258789,0,0,121.5,-75.6747988,40.8023415
1691189269817000000,3591.241,0,0,0,2400,0,0,0,-75.675173,40.8176243
1691189289823000000,3611.247,0,0,0,2400,0,0,0,-75.675173,40.8176243
1691189310563000000,3631.987,0,0,35.44828414916992,128.8990020751953,0,0,131.1999969482422,-75.6785512,40.8200477
1691189329835000000,3651.259,0,0,0,2400,0,0,0,-75.675173,40.8328117
1691189350571000000,3671.995,0,0,19.139808654785156,128.8990020751953,0,0,113.5999984741211,-75.675738,40.8351376
1691189369850000000,3691.273999755859,0,0,0,1700,0,0,0,-75.672628,40.8414768
1691189389863000000,3711.287,0,0,0,1600,0,0,0,-75.6755366,40.8390555
1691189409866000000,3731.2899997558593,0,0,0,2900,0,0,0,-75.6529934,40.8668742
1691189430611000000,3752.035,0,0,23.401405334472656,110,0,0,163.29998779296875,-75.6595056,40.851896
1691189449872000000,3771.296,0,0,0,2900,0,0,0,-75.6529934,40.8668742
1691189470635000000,3792.059,0,0,13.584489822387695,82.5,0,0,155.6999969482422,-75.6501606,40.8584752
1691189489887000000,3811.311,0,0,0,2900,0,0,0,-75.6529934,40.8668742
1691189510624000000,3832.048,0,0,26.625600814819336,116.0999984741211,0,0,196.09999084472656,-75.6591678,40.8721322
1691189529907000000,3851.331,0,0,0,2900,0,0,0,-75.6529934,40.8668742
1691189549912000000,3871.336,0,0,0,2900,0,0,0,-75.6529934,40.8668742
1691189569925000000,3891.349,0,0,0,2799.9990234375,0,0,0,-75.6348108,40.8704556
1691189590680000000,3912.104,0,0,30.565101623535156,122.4000015258789,0,0,257.20001220703125,-75.6469257,40.8883531
1691189610003000000,3931.427,0,0,0,2900,0,0,0,-75.6431751,40.8972122
1691189630028000000,3951.452,0,0,0,2900,0,0,0,-75.672628,40.8352793
1691189649961000000,3971.385,0,0,0,2900,0,0,0,-75.6431751,40.8972122
1691189670062000000,3991.4860002441405,0,0,0,2900,0,0,0,-75.6431751,40.8972122
1691189689984000000,4011.408,0,0,0,2900,0,0,0,-75.6431751,40.8972122
1691189710002000000,4031.4259997558593,0,0,0,3099.9990234375,0,0,0,-75.6424478,40.9274463
1691189730003000000,4051.427,0,0,0,2799.9990234375,0,0,0,-75.6446297,40.9209162
1691189750014000000,4071.4380002441408,0,0,0,2799.9990234375,0,0,0,-75.6446297,40.9209162
1691189770021000000,4091.445,0,0,0,2799.9990234375,0,0,0,-75.6446297,40.9209162
1691189790076000000,4111.5,0,0,0,2799.9990234375,0,0,0,-75.6446297,40.9209162
1691189810046000000,4131.4700002441405,0,0,0,2799.9990234375,0,0,0,-75.6446297,40.9209162
1691189830061000000,4151.485,0,0,0,2900,0,0,0,-75.6406295,40.9377336
1691189850061000000,4171.485,0,0,0,2299.9990234375,0,0,0,-75.6388112,40.9427612
1691189870064000000,4191.488,0,0,0,500,0,0,0,-75.6315377,40.9770865
1691189890066000000,4211.48999975586,0,0,0,2900,0,0,0,-75.6319014,40.9678591
1691189910074000000,4231.497999755859,0,0,0,2900,0,0,0,-75.6319014,40.9678591
1691189930082000000,4251.505999755859,0,0,0,1899.9990234375,0,0,0,-75.6511752,40.9486573
1691189950084000000,4271.508,0,0,0,800,0,0,0,-75.6326288,40.9691879
1691189970086000000,4291.51000024414,0,0,0,800,0,0,0,-75.6326288,40.9691879
1691189990094000000,4311.51800024414,0,0,0,2900,0,0,0,-75.6319014,40.9678591
1691190010108000000,4331.532,0,0,0,1399.9990234375,0,0,0,-75.625355,40.9800112
1691190030116000000,4351.54,0,0,0,1100,0,0,0,-75.6264461,40.9832403
1691190037797000000,4359.221,0,0,0,1399.9990234375,0,0,0,-75.625355,40.9800112
1691190042805000000,4364.229,0,0,0,1100,0,0,0,-75.6264461,40.9832403
1691190122846000000,4444.270000244141,0,0,0,3099.9990234375,0,0,0,-75.6319014,40.9687865
1691190200002000000,4521.425999755859,0,0,1.068824291229248,16.06100082397461,0,0,454.29998779296875,-75.5996556,41.0088785
1691190222892000000,4544.316,0,0,0,3099.9990234375,0,0,0,-75.6319014,40.9687865
1691190243631000000,4565.055,0,0,4.79260778427124,42.5,0,0,434.29998779296875,-75.5922546,41.015289
1691190263644000000,4585.068,0,0,6.332727432250977,82.5,0,0,441.1999816894531,-75.5900797,41.0183071
1691190283651000000,4605.075,0,0,18.489999771118164,98.4000015258789,0,0,445.29998779296875,-75.5879867,41.01952
1691190303650000000,4625.073999755859,0,0,26.625600814819336,116.0999984741211,0,0,462.6000061035156,-75.5883277,41.027301
1691190323672000000,4645.096,0,0,8.86207103729248,60,0,0,465.1000061035156,-75.5877064,41.0299504
1691190342937000000,4664.361,0,0,0,2200,0,0,0,-75.5853429,41.032384
1691190362938000000,4684.361999755859,0,0,0,2500,0,0,0,-75.5515059,41.0589381
1691190382954000000,4704.3779997558595,0,0,0,2500,0,0,0,-75.5515059,41.0589381
1691190402960000000,4724.384,0,0,0,2500,0,0,0,-75.5515059,41.0589381
1691190423716000000,4745.14,0,0,13.584489822387695,82.5,0,0,506,-75.5796615,41.0449019
1691190442978000000,4764.401999755859,0,0,0,2500,0,0,0,-75.5515059,41.0589381
1691190462986000000,4784.40999975586,0,0,0,2500,0,0,0,-75.5515059,41.0589381
1691190483742000000,4805.16600024414,0,0,20.729272842407227,104.0999984741211,0,0,497.1000061035156,-75.5633554,41.0484602
1691190502999000000,4824.423,0,0,0,300,0,0,0,-75.5529614,41.0551122
1691190520016000000,4841.44,0,0,2.7095251083374023,40.72999954223633,0,0,496.8999938964844,-75.5539293,41.0524581
1691190543008000000,4864.432,0,0,0,2500,0,0,0,-75.5515059,41.0589381
1691190557590000000,4879.01400024414,0,0,0,82.5,0,0,0,-75.5507139,41.057688
1691190562547000000,4883.971,0,0,0,68.4000015258789,0,0,0,-75.5508105,41.0578477
1691190567545000000,4888.969,0,0,0,64.0999984741211,0,0,0,-75.5508137,41.0578499
1691190572558000000,4893.98200024414,0,0,0,82.5,0,0,0,-75.5507209,41.0577411
1691190577549000000,4898.973,0,0,0,77.5999984741211,0,0,0,-75.5507265,41.057761
1691190581830000000,4903.254000244141,0,0,0,2500,0,0,0,-75.5515059,41.0589381
1691190602578000000,4924.001999755859,0,0,11.65517520904541,104.0999984741211,0,0,519.6000366210938,-75.5548649,41.0594281
1691190621851000000,4943.275,0,0,0,2500,0,0,0,-75.5515059,41.0589381
1691190642610000000,4964.033999755859,0,0,2.2057290077209473,27.23900032043457,0,0,514.5,-75.5604221,41.0667257
1691190662590000000,4984.01400024414,0,0,35.44828414916992,128.8990020751953,0,0,487.6000061035156,-75.5660352,41.0712838
1691190680031000000,5001.455,0,0,1,22.51799964904785,0,0,487,-75.5676228,41.0722658
1691190702603000000,5024.027,0,0,41.602500915527344,135.60000610351562,0,0,481.5,-75.5724993,41.0732721
1691190722607000000,5044.031,0,0,23.401405334472656,110,0,0,482.1000061035156,-75.5734431,41.078381
1691190742616000000,5064.04,0,0,30.565101623535156,122.4000015258789,0,0,482.1000061035156,-75.5734499,41.0783764
1691190761902000000,5083.32600024414,0,0,0,2500,0,0,0,-75.5798858,41.0795257
1691190781914000000,5103.3379997558595,0,0,0,2500,0,0,0,-75.5798858,41.0795257
1691190801911000000,5123.335,0,0,0,2500,0,0,0,-75.5798858,41.0795257
1691190821985000000,5143.409,0,0,0,2500,0,0,0,-75.5798858,41.0795257
1691190841924000000,5163.348,0,0,0,2599.9990234375,0,0,0,-75.5209369,41.0775543
1691190981983000000,5303.407,0,0,0,2500,0,0,0,-75.4929098,41.069339
1691191001983000000,5323.407,0,0,0,2599.9990234375,0,0,0,-75.47762,41.0729305
1691191021989000000,5343.413,0,0,0,2599.9990234375,0,0,0,-75.4557748,41.0710509
1691191042000000000,5363.424,0,0,0,2599.9990234375,0,0,0,-75.4557748,41.0710509
1691191062005000000,5383.429,0,0,0,2599.9990234375,0,0,0,-75.4557748,41.0710509
1691191082020000000,5403.444,0,0,0,2599.9990234375,0,0,0,-75.4557748,41.0710509
1691191102030000000,5423.454000244141,0,0,0,2599.9990234375,0,0,0,-75.4557748,41.0710509
1691191122756000000,5444.18,0,0,23.401405334472656,110,0,0,559.4000244140625,-75.4307381,41.0726522
1691191142764000000,5464.188,0,0,35.44828414916992,128.8990020751953,0,0,560.1000366210938,-75.4241084,41.0727339
1691191162040000000,5483.464,0,0,0,2799.9990234375,0,0,0,-75.4109822,41.0736125
1691191182048000000,5503.472,0,0,0,899.9990234375,0,0,0,-75.4015122,41.0754749
1691191202059000000,5523.483,0,0,0,2799.9990234375,0,0,0,-75.4109822,41.0736125
1691191222122000000,5543.545999755859,0,0,0,2299.9990234375,0,0,0,-75.391313,41.0729252
1691191262135000000,5583.559,0,0,0,2900,0,0,0,-75.3862132,41.1043272
1691191282870000000,5604.294000244141,0,0,4.531588554382324,48.900001525878906,0,0,519,-75.394834,41.0863907
1691191302117000000,5623.541,0,0,0,2900,0,0,0,-75.3894917,41.0955042
1691191322122000000,5643.545999755859,0,0,0,2099.9990234375,0,0,0,-75.4004194,41.1086267
1691191342130000000,5663.553999755859,0,0,0,2099.9990234375,0,0,0,-75.4004194,41.1086267
1691191442953000000,5764.377,0,0,3.6154255867004395,56.15800094604492,0,0,528.5,-75.383155,41.1142138
1691191462907000000,5784.331,0,0,4.918240070343018,45.14500045776367,0,0,531.1000366210938,-75.3808958,41.1168194
1691191480067000000,5801.491,0,0,2.5406107902526855,41.22600173950195,0,0,535.6000366210938,-75.3788077,41.119103
1691191499663000000,5821.087,0,0,5.827633380889893,77.5999984741211,0,0,535.300048828125,-75.3760061,41.1201112
1691191504599000000,5826.023,0,0,3.133242607116699,47.24300003051758,0,0,534.1000366210938,-75.3757489,41.1199147
1691191524622000000,5846.0460002441405,0,0,2.163510322570801,64.36699676513672,0,0,538.2000122070312,-75.3725,41.1233696
1691191544601000000,5866.025,0,0,1,22.459999084472656,0,0,535.7000122070312,-75.3667775,41.1246902
1691191564597000000,5886.021,0,0,5.562451362609863,104.16699981689453,0,0,523.9000244140625,-75.3605295,41.1268858
1691191580529000000,5901.953,0,0,4.227777004241943,48.900001525878906,0,0,522.1000366210938,-75.3600232,41.1269646
1691191585557000000,5906.981,0,0,2.2345244884490967,30,0,0,522.1000366210938,-75.3599985,41.1269543
1691191605570000000,5926.9939997558595,0,0,1.3733376264572144,23.639999389648438,0,0,526.800048828125,-75.3600389,41.1280262
1691191620572000000,5941.996,0,0,1,13.251999855041504,0,0,529.9000244140625,-75.3604008,41.1284927
1691191640080000000,5961.504,0,0,10.912131309509277,98.4000015258789,0,0,545.800048828125,-75.3594796,41.1320363
1691191660627000000,5982.051,0,0,1.0126368999481201,13.838000297546387,0,0,541.2000122070312,-75.36084,41.1357331
1691191680599000000,6002.023,0,0,1,11.722999572753906,0,0,542.6000366210938,-75.3606937,41.1388301
1691191700589000000,6022.013,0,0,4.0098795890808105,56.099998474121094,0,0,550.800048828125,-75.3594548,41.1438325
1691191720590000000,6042.01400024414,0,0,4.4448628425598145,49.30099868774414,0,0,560.4000244140625,-75.3597511,41.1464363
1691191740590000000,6062.01400024414,0,0,1,40.542999267578125,0,0,566.800048828125,-75.3583159,41.149768
1691191760604000000,6082.028,0,0,1.4527167081832886,55.63100051879883,0,0,567.9000244140625,-75.3576174,41.1524116
1691191780656000000,6102.08,0,0,14.976900100708008,87.5999984741211,0,0,567.5,-75.3579252,41.1542309
1691191800076000000,6121.5,0,0,12.352082252502441,104.0999984741211,0,0,572,-75.3554647,41.1596659
1691191820715000000,6142.139,0,0,1,14.189000129699707,0,0,579.5,-75.3571157,41.1623142
1691191825704000000,6147.128,0,0,1,14.295000076293945,0,0,579.5,-75.3570942,41.1623157
1691191830705000000,6152.129,0,0,1,76.61699676513672,0,0,579.6000366210938,-75.3576392,41.1627455
1691191835753000000,6157.177,0,0,1,39.42399978637695,0,0,580.4000244140625,-75.3577696,41.1628856
1691191855730000000,6177.153999755859,0,0,1,60.165000915527344,0,0,578.1000366210938,-75.3534784,41.1621766
1691191873655000000,6195.079,0,0,1.6399562358856201,27.476999282836914,0,0,576.2000122070312,-75.351267,41.1634797
1691191893636000000,6215.06,0,0,1,15.545999526977539,0,0,570.4000244140625,-75.3478709,41.1634279
1691191913643000000,6235.067,0,0,3.13411808013916,26.024999618530273,0,0,566.9000244140625,-75.3443279,41.1632982
1691191933640000000,6255.064,0,0,2.561286449432373,12.385000228881836,0,0,558.4000244140625,-75.3413638,41.1627679
1691191953702000000,6275.12600024414,0,0,1.5271086692810059,35.215999603271484,0,0,558.9000244140625,-75.3391887,41.1619704
1691191960059000000,6281.483,0,0,1.639086365699768,34.33599853515625,0,0,561.4000244140625,-75.3393542,41.1608246
1691191982624000000,6304.048,0,0,1,27.440000534057617,0,0,562.4000244140625,-75.3371815,41.1595125
1691191987630000000,6309.05400024414,0,0,1,30.11400032043457,0,0,562.4000244140625,-75.3371331,41.159511
1691191992625000000,6314.049,0,0,1,26.450000762939453,0,0,562.4000244140625,-75.3371042,41.159515
1691191995077000000,6316.501,0,0,1,26.25200080871582,0,0,562.4000244140625,-75.337112,41.1595159
1691192000160000000,6321.584,0,0,1,27.409000396728516,0,0,562.4000244140625,-75.3373095,41.1595233
1691192005219000000,6326.643,0,0,1,28.10300064086914,0,0,562.4000244140625,-75.3371301,41.1595118
1691192010183000000,6331.607,0,0,1,28.459999084472656,0,0,562.4000244140625,-75.3373686,41.1595233
1691192012110000000,6333.534000244141,0,0,1,28.20400047302246,0,0,562.4000244140625,-75.3371041,41.1595097
1691192017100000000,6338.524,0,0,1,25.552000045776367,0,0,562.4000244140625,-75.3370935,41.1595212
1691192022065000000,6343.489,0,0,1,26.766000747680664,0,0,562.4000244140625,-75.337113,41.1595196
1691192027149000000,6348.573,0,0,1,26.01300048828125,0,0,562.4000244140625,-75.33711,41.1595158
1691192032181000000,6353.605,0,0,1,27.01300048828125,0,0,562.4000244140625,-75.3370982,41.1595208
1691192037212000000,6358.636,0,0,1,29.540000915527344,0,0,562.4000244140625,-75.3371395,41.1594949
1691192042263000000,6363.687,0,0,1,26.679000854492188,0,0,562.4000244140625,-75.3371151,41.1595204
1691192047246000000,6368.67000024414,0,0,1,26.59000015258789,0,0,562.4000244140625,-75.3371113,41.1595192
1691192052289000000,6373.713,0,0,1,28.68000030517578,0,0,562.4000244140625,-75.3370994,41.1595158
1691192057321000000,6378.745,0,0,1,27.229000091552734,0,0,562.4000244140625,-75.3371053,41.159518
1691192062309000000,6383.733,0,0,1,26.597000122070312,0,0,562.4000244140625,-75.337105,41.1595149
1691192067357000000,6388.781,0,0,1,25.604999542236328,0,0,562.4000244140625,-75.3371399,41.1595335
1691192072476000000,6393.9,0,0,1,27.00200080871582,0,0,562.4000244140625,-75.3371187,41.1595206
1691192077424000000,6398.848,0,0,1,26.108999252319336,0,0,562.4000244140625,-75.3370994,41.159524
1691192082431000000,6403.855,0,0,1,27.707000732421875,0,0,562.4000244140625,-75.3370931,41.1595175
1691192087501000000,6408.925,0,0,1,26.308000564575195,0,0,562.4000244140625,-75.3370895,41.1595195
1691192092481000000,6413.905,0,0,1,22.878999710083008,0,0,562.4000244140625,-75.3370764,41.1595234
1691192097542000000,6418.966000244141,0,0,1,24.993000030517578,0,0,562.4000244140625,-75.3370881,41.159525
1691192102603000000,6424.027,0,0,1,23.29199981689453,0,0,562.4000244140625,-75.337082,41.1595265
1691192107573000000,6428.997,0,0,1,26.04400062561035,0,0,562.5,-75.3370771,41.1595238
1691192112578000000,6434.001999755859,0,0,1,23.441999435424805,0,0,562.5,-75.3371025,41.1595147
1691192117585000000,6439.009,0,0,1.0415090322494507,27.017000198364258,0,0,562.4000244140625,-75.3371006,41.1595284
1691192122587000000,6444.011,0,0,1,26.40999984741211,0,0,562.4000244140625,-75.3370915,41.1595266
1691192127623000000,6449.047,0,0,1.1365509033203125,28.569000244140625,0,0,562.4000244140625,-75.3371112,41.1595359
1691192132654000000,6454.078000244141,0,0,1,27.2189998626709,0,0,562.4000244140625,-75.3371141,41.1595268
1691192137660000000,6459.084,0,0,1,21.680999755859375,0,0,562.5,-75.3371002,41.1595205
1691192142653000000,6464.077,0,0,1,19.274999618530273,0,0,562.5,-75.3370818,41.1595191
1691192147684000000,6469.108,0,0,1,23.496999740600586,0,0,562.4000244140625,-75.3370754,41.1595148
1691192152687000000,6474.111,0,0,1,24.429000854492188,0,0,562.4000244140625,-75.3370741,41.1595219
1691192157704000000,6479.128,0,0,1,24.68899917602539,0,0,562.4000244140625,-75.3370768,41.1595094
1691192162711000000,6484.135,0,0,1,24.655000686645508,0,0,562.4000244140625,-75.3370779,41.1595249
1691192167747000000,6489.171,0,0,1,24.291000366210938,0,0,562.4000244140625,-75.3370824,41.1595294
1691192172743000000,6494.167,0,0,1,25.511999130249023,0,0,562.4000244140625,-75.337071,41.1595169
1691192177778000000,6499.201999755859,0,0,1,27.160999298095703,0,0,562.4000244140625,-75.3371171,41.1594965
1691192182759000000,6504.183,0,0,1,28.016000747680664,0,0,562.4000244140625,-75.3371014,41.1595165
1691192187815000000,6509.239,0,0,1,29.354999542236328,0,0,562.4000244140625,-75.3371529,41.1595096
1691192192839000000,6514.263,0,0,1,28.542999267578125,0,0,562.4000244140625,-75.3371106,41.1595157
1691192197838000000,6519.262000244141,0,0,1,28.22800064086914,0,0,562.4000244140625,-75.3371273,41.1595281
1691192202917000000,6524.341,0,0,1,26.18199920654297,0,0,562.4000244140625,-75.3370873,41.1595215
1691192207869000000,6529.293,0,0,1,26.093000411987305,0,0,562.4000244140625,-75.3370764,41.1595205
1691192212907000000,6534.331,0,0,1,15.470999717712402,0,0,562.5,-75.3370851,41.1595273
1691192217959000000,6539.383,0,0,1,21.47800064086914,0,0,562.5,-75.3370808,41.1595248
1691192222930000000,6544.353999755859,0,0,1,22.23200035095215,0,0,562.5,-75.3370856,41.1595274
1691192228061000000,6549.485,0,0,1,21.145999908447266,0,0,562.5,-75.3370801,41.1595255
1691192232997000000,6554.421,0,0,1,24.736000061035156,0,0,562.4000244140625,-75.3370739,41.1595156
1691192238076000000,6559.5,0,0,1,23.902999877929688,0,0,562.4000244140625,-75.3370793,41.1595243
1691192242998000000,6564.422000244141,0,0,1,24.628999710083008,0,0,562.4000244140625,-75.3370734,41.1595289
1691192248127000000,6569.551,0,0,1,27.30299949645996,0,0,562.4000244140625,-75.3370823,41.1595152
1691192253165000000,6574.589,0,0,1,27.483999252319336,0,0,562.4000244140625,-75.3370952,41.1595152
1691192258140000000,6579.564,0,0,1,26.121000289916992,0,0,562.4000244140625,-75.3371077,41.1595094
1691192263158000000,6584.5820002441405,0,0,1,27.27899932861328,0,0,562.4000244140625,-75.3371086,41.1595062
1691192268222000000,6589.646000244141,0,0,1,31.077999114990234,0,0,562.4000244140625,-75.3371127,41.1595007
1691192273278000000,6594.70200024414,0,0,1,27.24799919128418,0,0,562.4000244140625,-75.3371273,41.1595263
1691192278216000000,6599.64,0,0,1,24.590999603271484,0,0,562.4000244140625,-75.3370977,41.159516
1691192283193000000,6604.617,0,0,1,27.625999450683594,0,0,562.4000244140625,-75.3371246,41.1595142
1691192288292000000,6609.716,0,0,1,25.667999267578125,0,0,562.4000244140625,-75.3370864,41.1595095
1691192293307000000,6614.731,0,0,1,26.895000457763672,0,0,562.4000244140625,-75.3371059,41.1595189
1691192298294000000,6619.718000244141,0,0,1,26.211000442504883,0,0,562.4000244140625,-75.3370781,41.1595148
1691192303252000000,6624.676,0,0,1,27.39299964904785,0,0,562.4000244140625,-75.3370812,41.1595123
1691192308339000000,6629.763,0,0,1,23.143999099731445,0,0,562.5,-75.3370904,41.1595243
1691192313336000000,6634.76,0,0,1,21.993999481201172,0,0,562.4000244140625,-75.3370751,41.1595317
1691192318319000000,6639.743,0,0,1,24.26300048828125,0,0,562.4000244140625,-75.3370761,41.1595136
1691192323359000000,6644.783,0,0,1,24.506999969482422,0,0,562.4000244140625,-75.3370797,41.159517
1691192328385000000,6649.809,0,0,1,27.764999389648438,0,0,562.4000244140625,-75.3370877,41.1595087
1691192333488000000,6654.912,0,0,1,27.43400001525879,0,0,562.4000244140625,-75.3371129,41.1594979
1691192338486000000,6659.910000244141,0,0,1,27.863000869750977,0,0,562.4000244140625,-75.3370993,41.15951
1691192343449000000,6664.873,0,0,1,28.06100082397461,0,0,562.4000244140625,-75.337139,41.1595113
1691192348473000000,6669.897,0,0,1,26.77199935913086,0,0,562.4000244140625,-75.3371229,41.1595259
1691192353480000000,6674.904,0,0,1,27.591999053955078,0,0,562.4000244140625,-75.3371101,41.159518
1691192358554000000,6679.977999755859,0,0,1,26.899999618530273,0,0,562.4000244140625,-75.3373605,41.1594965
1691192363557000000,6684.981,0,0,1,29.32699966430664,0,0,562.4000244140625,-75.3371744,41.1595028
1691192368624000000,6690.048,0,0,1,29.326000213623047,0,0,562.4000244140625,-75.3371282,41.1595119
1691192373702000000,6695.12600024414,0,0,1,27.753000259399414,0,0,562.4000244140625,-75.3373112,41.1595142
1691192378651000000,6700.075,0,0,1,25.952999114990234,0,0,562.4000244140625,-75.337115,41.1595194
1691192383704000000,6705.128,0,0,1,36.202999114990234,0,0,562.4000244140625,-75.3371322,41.1594947
1691192388702000000,6710.12600024414,0,0,1,27.45800018310547,0,0,562.4000244140625,-75.337105,41.1595221
1691192393813000000,6715.237,0,0,1,23.933000564575195,0,0,562.5,-75.3370928,41.1595185
1691192398706000000,6720.129999755859,0,0,1,24.768999099731445,0,0,562.5,-75.3370918,41.1595162
1691192403777000000,6725.201,0,0,1,23.18000030517578,0,0,562.4000244140625,-75.3370767,41.1595122
1691192408795000000,6730.219,0,0,1,22.968000411987305,0,0,562.5,-75.3370816,41.1595214
1691192413782000000,6735.20600024414,0,0,1,23.179000854492188,0,0,562.4000244140625,-75.3370763,41.1595283
1691192418863000000,6740.287,0,0,1,22.1200008392334,0,0,562.5,-75.3370939,41.1595171
1691192423821000000,6745.245,0,0,1,21.976999282836914,0,0,562.5,-75.3370815,41.1595209
1691192428894000000,6750.31800024414,0,0,1,22.822999954223633,0,0,562.5,-75.3370987,41.1595147
1691192433904000000,6755.328,0,0,1,24.118000030517578,0,0,562.5,-75.3370861,41.1595293
1691192438942000000,6760.36600024414,0,0,1,22.408000946044922,0,0,562.5,-75.3370952,41.1595187
1691192443938000000,6765.361999755859,0,0,1,23.03499984741211,0,0,562.5,-75.3370891,41.1595162
1691192448975000000,6770.399,0,0,1,23.413000106811523,0,0,562.4000244140625,-75.3370789,41.1595199
1691192454014000000,6775.43800024414,0,0,1,23.913000106811523,0,0,562.4000244140625,-75.3370778,41.1595181
1691192459016000000,6780.44,0,0,1,22.763999938964844,0,0,562.5,-75.3370862,41.1595108
1691192464016000000,6785.44,0,0,1,26.440000534057617,0,0,562.4000244140625,-75.3370804,41.1595103
1691192469061000000,6790.485,0,0,1,23.48699951171875,0,0,562.4000244140625,-75.3370727,41.1595294
1691192474084000000,6795.508,0,0,1,22.165000915527344,0,0,562.5,-75.3370754,41.1595311
1691192479121000000,6800.545,0,0,1,24.13800048828125,0,0,562.5,-75.3370924,41.1595349
1691192484125000000,6805.549,0,0,1,21.635000228881836,0,0,562.5,-75.3370771,41.1595318
1691192489141000000,6810.565,0,0,1.568261742591858,57.95199966430664,0,0,562.4000244140625,-75.33744,41.1595659
1691192494193000000,6815.617,0,0,1,25.975000381469727,0,0,562.5,-75.337095,41.1595263
1691192499201000000,6820.625,0,0,1,26.524999618530273,0,0,562.5,-75.3370927,41.1595166
1691192504183000000,6825.607,0,0,1,26.26099967956543,0,0,562.5,-75.3370855,41.1595224
1691192509201000000,6830.625,0,0,1,23.64699935913086,0,0,562.5,-75.3370811,41.1595334
1691192514241000000,6835.665,0,0,1.4062817096710205,20,0,0,562.5,-75.3370793,41.1595301
1691192519305000000,6840.729,0,0,1,24.441999435424805,0,0,562.5,-75.3370891,41.1595274
1691192524374000000,6845.798000244141,0,0,1,25.75200080871582,0,0,562.5,-75.337089,41.1595296
1691192529335000000,6850.759,0,0,1,27.875999450683594,0,0,562.5,-75.3370878,41.1595339
1691192534333000000,6855.757,0,0,1,28.285999298095703,0,0,562.5,-75.337094,41.1595289
1691192539360000000,6860.784,0,0,1,26.57200050354004,0,0,562.5,-75.3370928,41.1595353
1691192544395000000,6865.819,0,0,1,26.322999954223633,0,0,562.5,-75.3370894,41.1595286
1691192549450000000,6870.87399975586,0,0,1,25.697999954223633,0,0,562.5,-75.3370976,41.1595202
1691192554427000000,6875.851,0,0,1,25.333999633789062,0,0,562.5,-75.337091,41.1595263
1691192559462000000,6880.886000244141,0,0,1,25.246000289916992,0,0,562.5,-75.3370882,41.1595231
1691192564513000000,6885.937,0,0,1,24.131999969482422,0,0,562.4000244140625,-75.3370726,41.1595224
1691192569547000000,6890.971,0,0,1,24.055999755859375,0,0,562.5,-75.3370836,41.159522
1691192574552000000,6895.976,0,0,1,15.49899959564209,0,0,562.5,-75.3370785,41.1595292
1691192579623000000,6901.047,0,0,1.0918097496032715,23.52899932861328,0,0,562.5,-75.3370936,41.1595346
1691192584610000000,6906.033999755859,0,0,1,15.461000442504883,0,0,562.5,-75.3370803,41.1595296
1691192589641000000,6911.065,0,0,1,23.97599983215332,0,0,562.4000244140625,-75.3370812,41.1595302
1691192594675000000,6916.099,0,0,1,23.21500015258789,0,0,562.5,-75.3370966,41.1595141
1691192599700000000,6921.124,0,0,1,24.658000946044922,0,0,562.5,-75.3370842,41.1595187
1691192604698000000,6926.121999755859,0,0,1.0336024761199951,25.3799991607666,0,0,562.5,-75.3370912,41.159524
1691192609698000000,6931.121999755859,0,0,1,24.115999221801758,0,0,562.5,-75.3370875,41.1595045
1691192614793000000,6936.217,0,0,1,23.783000946044922,0,0,562.5,-75.3370912,41.1595161
1691192619795000000,6941.219,0,0,1,21.018999099731445,0,0,562.5,-75.3370774,41.1595252
1691192624801000000,6946.225,0,0,1,23.2450008392334,0,0,562.5,-75.3370877,41.1595121
1691192629806000000,6951.230000244141,0,0,1,23.312000274658203,0,0,562.5,-75.3370818,41.15953
1691192634772000000,6956.196,0,0,1,24.014999389648438,0,0,562.5,-75.3370878,41.1595291
1691192639845000000,6961.269,0,0,1,23.66900062561035,0,0,562.5,-75.33709,41.1595089
1691192645289000000,6966.713,0,0,1,25.10099983215332,0,0,562.5,-75.3370888,41.1595325
1691192649888000000,6971.312,0,0,1,16.733999252319336,0,0,562.5,-75.3370802,41.1595263
1691192654899000000,6976.323,0,0,1.0289865732192993,20.865999221801758,0,0,562.5,-75.3370855,41.1595268
1691192659938000000,6981.361999755859,0,0,1,25.26099967956543,0,0,562.5,-75.3370952,41.1595279
1691192664972000000,6986.396,0,0,1,24.158000946044922,0,0,562.5,-75.3370862,41.1595276
1691192669987000000,6991.411,0,0,1,22.351999282836914,0,0,562.5,-75.3370945,41.1595261
1691192674992000000,6996.416,0,0,1,23.575000762939453,0,0,562.5,-75.3370887,41.1595132
1691192679983000000,7001.407,0,0,1,23.11199951171875,0,0,562.5,-75.3370873,41.159512
1691192685689000000,7007.113,0,0,1.011269450187683,25.285999298095703,0,0,562.5,-75.337097,41.1595297
1691192688762000000,7010.1859997558595,0,0,1,24.715999603271484,0,0,562.5,-75.337087,41.1595192
1691192695033000000,7016.457,0,0,1,25.018999099731445,0,0,562.5,-75.3370911,41.1595278
1691192700070000000,7021.494000244141,0,0,1,23.652000427246094,0,0,562.5,-75.3370856,41.159523
1691192705102000000,7026.526000244141,0,0,1,23.981000900268555,0,0,562.5,-75.3370896,41.159527
1691192710145000000,7031.569,0,0,1,25.444000244140625,0,0,562.5,-75.3370918,41.1595296
1691192715150000000,7036.574000244141,0,0,1,24.8799991607666,0,0,562.5,-75.3370889,41.1595231
1691192720155000000,7041.579,0,0,1.0755404233932495,25.23699951171875,0,0,562.5,-75.3370914,41.1595322
1691192725161000000,7046.585,0,0,1,25.121000289916992,0,0,562.5,-75.3370947,41.1595291
1691192730202000000,7051.625999755859,0,0,1.1456798315048218,20,0,0,562.5,-75.3370797,41.1595288
1691192735242000000,7056.665999755859,0,0,1,17.014999389648438,0,0,562.5,-75.3370805,41.1595245
1691192740299000000,7061.723,0,0,1,24.027999877929688,0,0,562.5,-75.3370912,41.1595225
1691192745230000000,7066.654000244141,0,0,1,21.972999572753906,0,0,562.5,-75.3370796,41.15953
1691192750323000000,7071.747,0,0,1,20.990999221801758,0,0,562.5,-75.3370829,41.1595222
1691192755338000000,7076.7619997558595,0,0,1,24.047000885009766,0,0,562.5,-75.3370855,41.1595235
1691192760308000000,7081.732,0,0,1,23.701000213623047,0,0,562.5,-75.3370861,41.1595192
1691192765470000000,7086.89400024414,0,0,1,23.358999252319336,0,0,562.5,-75.3370956,41.1595209
1691192770486000000,7091.910000244141,0,0,1,22.541000366210938,0,0,562.5,-75.337087,41.1595246
1691192775445000000,7096.869,0,0,1,24.969999313354492,0,0,562.5,-75.3370833,41.1595209
1691192780475000000,7101.899,0,0,1.4311418533325195,20,0,0,562.5,-75.3370825,41.159525
1691192785515000000,7106.939,0,0,1,16.410999298095703,0,0,562.5,-75.3370826,41.1595269
1691192790535000000,7111.959,0,0,1,17.02899932861328,0,0,562.5,-75.3370812,41.1595255
1691192795670000000,7117.09400024414,0,0,1,24.113000869750977,0,0,562.5,-75.3370867,41.1595274
1691192800623000000,7122.047,0,0,1,24.427000045776367,0,0,562.5,-75.3370892,41.1595286
1691192805680000000,7127.104,0,0,1.1823090314865112,20,0,0,562.5,-75.3370813,41.1595286
1691192810665000000,7132.089,0,0,1.0379002094268799,24.864999771118164,0,0,562.5,-75.3370917,41.1595296
1691192815686000000,7137.110000244141,0,0,1.2705748081207275,14.866000175476074,0,0,562.5,-75.3370815,41.1595305
1691192820697000000,7142.121,0,0,1.0597487688064575,24.934999465942383,0,0,562.5,-75.3370899,41.1595293
1691192825720000000,7147.144,0,0,1.0510104894638062,16.493000030517578,0,0,562.5,-75.3370855,41.1595264
1691192830762000000,7152.1859997558595,0,0,1.0950027704238892,25.104999542236328,0,0,562.4000244140625,-75.3370863,41.1595223
1691192835800000000,7157.224,0,0,1.0273983478546143,23.770000457763672,0,0,562.5,-75.3370895,41.1595315
1691192840910000000,7162.334000244141,0,0,1.1632543802261353,15.274999618530273,0,0,562.5,-75.3370822,41.1595294
1691192845915000000,7167.339,0,0,1.2697668075561523,15.890999794006348,0,0,562.5,-75.3370866,41.1595272
1691192850884000000,7172.308,0,0,1.3043239116668701,20,0,0,562.5,-75.3370829,41.1595283
1691192855929000000,7177.353,0,0,1.1367665529251099,24.680999755859375,0,0,562.5,-75.3370905,41.159529
1691192860928000000,7182.352,0,0,1.0265181064605713,23.30900001525879,0,0,562.5,-75.3370896,41.1595278
1691192865973000000,7187.397,0,0,1.039881944656372,24.291000366210938,0,0,562.5,-75.3370842,41.1595357
1691192871111000000,7192.535,0,0,1.877981185913086,27.893999099731445,0,0,562.4000244140625,-75.3371116,41.1595247
1691192876087000000,7197.511,0,0,1,25.38800048828125,0,0,562.5,-75.337092,41.1595257
1691192881539000000,7202.963,0,0,1.138494849205017,20,0,0,562.4000244140625,-75.3370806,41.1595274
1691192886087000000,7207.511,0,0,1.4294345378875732,15.52299976348877,0,0,562.5,-75.3370858,41.1595273
1691192891186000000,7212.6099997558595,0,0,1.334244966506958,20,0,0,562.5,-75.3370853,41.1595221
1691192896180000000,7217.604,0,0,1.2447038888931274,20,0,0,562.5,-75.3370838,41.1595273
1691192901198000000,7222.6220002441405,0,0,1.0122946500778198,23.4689998626709,0,0,562.5,-75.3370893,41.1595293
1691192906329000000,7227.753,0,0,1.291947364807129,20,0,0,562.5,-75.3370825,41.1595287
1691192911276000000,7232.7,0,0,1.526308298110962,20.399999618530273,0,0,562.5,-75.3370855,41.1595275
1691192916303000000,7237.727,0,0,1.1430566310882568,22.7549991607666,0,0,562.5,-75.3370912,41.1595356
1691192921423000000,7242.847,0,0,1.021790862083435,24.332000732421875,0,0,562.5,-75.3370828,41.1595344
1691192926373000000,7247.797,0,0,1.400364637374878,16.6299991607666,0,0,562.5,-75.3370882,41.1595245
1691192931453000000,7252.877,0,0,1.5270863771438599,20.899999618530273,0,0,562.4000244140625,-75.3370853,41.1595226
1691192936420000000,7257.844,0,0,1.391258716583252,20.100000381469727,0,0,562.5,-75.3370858,41.1595199
1691192941388000000,7262.812,0,0,1.3152052164077759,24.03700065612793,0,0,562.5,-75.3370906,41.1595309
1691192946569000000,7267.993,0,0,1.26627779006958,15.446000099182129,0,0,562.5,-75.3370845,41.159529
1691192951624000000,7273.048,0,0,1,16.042999267578125,0,0,562.5,-75.3370783,41.1595287
1691192956567000000,7277.991,0,0,1,23.711999893188477,0,0,562.5,-75.3370916,41.1595158
1691192961551000000,7282.975,0,0,1,22.496000289916992,0,0,562.5,-75.3370898,41.1595252
1691192966580000000,7288.004,0,0,1,23.61400032043457,0,0,562.5,-75.3370903,41.1595192
1691192971602000000,7293.02599975586,0,0,1.1476551294326782,23.360000610351562,0,0,562.5,-75.3370932,41.1595332
1691192976638000000,7298.062000244141,0,0,1,23.673999786376953,0,0,562.5,-75.3370861,41.1595252
1691192981667000000,7303.091,0,0,1.3189696073532104,20,0,0,562.4000244140625,-75.3370845,41.1595257
1691192986683000000,7308.107,0,0,1,22.523000717163086,0,0,562.5,-75.3370846,41.1595281
1691192991768000000,7313.192,0,0,1.013664960861206,15.401000022888184,0,0,562.5,-75.3370788,41.1595296
1691192996771000000,7318.195,0,0,1.093603491783142,24.836000442504883,0,0,562.5,-75.3370906,41.1595319
1691193001789000000,7323.213,0,0,1.1565173864364624,19.715999603271484,0,0,562.5,-75.3370819,41.1595308
1691193006829000000,7328.253,0,0,1.0994237661361694,25.382999420166016,0,0,562.5,-75.3370901,41.1595261
1691193011901000000,7333.325,0,0,1.1028645038604736,25.030000686645508,0,0,562.5,-75.3370877,41.1595276
1691193016858000000,7338.281999755859,0,0,1.127142071723938,16.33099937438965,0,0,562.5,-75.3370853,41.1595249
1691193021865000000,7343.289,0,0,1.4452979564666748,20,0,0,562.5,-75.3370808,41.1595253
1691193026914000000,7348.3379997558595,0,0,1.0247622728347778,24.089000701904297,0,0,562.5,-75.3370878,41.1595133
1691193031911000000,7353.335,0,0,1.0749614238739014,15.190999984741211,0,0,562.5,-75.3370819,41.159529
1691193036970000000,7358.393999755859,0,0,1,23.108999252319336,0,0,562.5,-75.3370897,41.1595269
1691193041995000000,7363.419,0,0,1.1657443046569824,23.527000427246094,0,0,562.5,-75.3370941,41.1595326
1691193047015000000,7368.439,0,0,1.218129277229309,23.797000885009766,0,0,562.5,-75.3370932,41.1595349
1691193052022000000,7373.446000244141,0,0,1.2063552141189575,23.257999420166016,0,0,562.5,-75.3370939,41.1595334
1691193057046000000,7378.4700002441405,0,0,1.1872295141220093,23.572999954223633,0,0,562.5,-75.3370936,41.1595332
1691193062026000000,7383.44999975586,0,0,1.1905325651168823,16.674999237060547,0,0,562.5,-75.3370845,41.1595272
1691193067102000000,7388.526000244141,0,0,1.0914119482040405,20,0,0,562.5,-75.3370818,41.1595277
1691193072174000000,7393.598000244141,0,0,1,23.631000518798828,0,0,562.5,-75.3370892,41.1595277
1691193077158000000,7398.5820002441405,0,0,1.0676813125610352,21.45599937438965,0,0,562.5,-75.337079,41.1595317
1691193082202000000,7403.625999755859,0,0,1.2063552141189575,23.525999069213867,0,0,562.5,-75.3370918,41.1595323
1691193087156000000,7408.58,0,0,1.0841041803359985,25.108999252319336,0,0,562.5,-75.3370913,41.1595289
1691193092261000000,7413.685,0,0,1.0882397890090942,23.785999298095703,0,0,562.5,-75.3370962,41.1595266
1691193097271000000,7418.695,0,0,1.1406625509262085,25.367000579833984,0,0,562.5,-75.3370883,41.1595156
1691193102395000000,7423.819,0,0,1.1172622442245483,23.322999954223633,0,0,562.5,-75.3370904,41.15953
1691193107315000000,7428.739,0,0,1.3230477571487427,16.766000747680664,0,0,562.4000244140625,-75.3370886,41.1595232
1691193112349000000,7433.773,0,0,1.3575254678726196,20,0,0,562.5,-75.3370847,41.159527
1691193117388000000,7438.812,0,0,1.23520827293396,20,0,0,562.5,-75.3370809,41.1595278
1691193122396000000,7443.82,0,0,1.1698418855667114,15.61400032043457,0,0,562.5,-75.3370832,41.159529
1691193127432000000,7448.856,0,0,1.255135178565979,20,0,0,562.5,-75.3370843,41.1595268
1691193132476000000,7453.9,0,0,1,24.761999130249023,0,0,562.5,-75.3370859,41.1595293
1691193137475000000,7458.899,0,0,1.0240615606307983,24.086000442504883,0,0,562.5,-75.3370913,41.1595348
1691193142527000000,7463.951,0,0,1.2326666116714478,23.051000595092773,0,0,562.5,-75.3370918,41.1595332
1691193147535000000,7468.959,0,0,1.121865153312683,23.301000595092773,0,0,562.5,-75.3370939,41.1595327
1691193152550000000,7473.97400024414,0,0,1.0763133764266968,20,0,0,562.5,-75.3370794,41.1595283
1691193157567000000,7478.991,0,0,1.0188367366790771,24.07699966430664,0,0,562.5,-75.3370863,41.1595311
1691193162664000000,7484.088,0,0,1.2423807382583618,20,0,0,562.5,-75.3370811,41.159527
1691193167626000000,7489.049999755859,0,0,1.2056268453598022,25.60099983215332,0,0,562.5,-75.3370902,41.1595265
1691193172637000000,7494.061,0,0,1.1841787099838257,17.115999221801758,0,0,562.5,-75.3370884,41.1595213
1691193177673000000,7499.097,0,0,1.1160134077072144,24.364999771118164,0,0,562.5,-75.3370909,41.1595292
1691193182691000000,7504.115,0,0,1,25.43400001525879,0,0,562.4000244140625,-75.3370791,41.1595218
1691193187701000000,7509.125,0,0,1.245739221572876,16.452999114990234,0,0,562.5,-75.3370855,41.159527
1691193192754000000,7514.17799975586,0,0,1,21.60099983215332,0,0,562.5,-75.3370787,41.1595255
1691193197765000000,7519.189,0,0,1,25.062999725341797,0,0,562.5,-75.33709,41.1595301
1691193202781000000,7524.205,0,0,1.1040840148925781,15.206000328063965,0,0,562.5,-75.337079,41.1595299
1691193207795000000,7529.219,0,0,1.1089892387390137,15.376999855041504,0,0,562.5,-75.3370797,41.1595299
1691193212815000000,7534.239,0,0,1.1250253915786743,23.969999313354492,0,0,562.5,-75.3370881,41.1595351
1691193217845000000,7539.269,0,0,1.3504868745803833,20,0,0,562.5,-75.3370784,41.1595265
1691193222964000000,7544.388,0,0,1.25487220287323,20,0,0,562.5,-75.3370808,41.1595291
1691193227900000000,7549.324,0,0,1.2372490167617798,20,0,0,562.5,-75.3370805,41.1595289
1691193232935000000,7554.359,0,0,1.1378461122512817,15.340999603271484,0,0,562.5,-75.337081,41.1595295
1691193237964000000,7559.388,0,0,1.1851156949996948,23.665000915527344,0,0,562.5,-75.3370895,41.159533
1691193242975000000,7564.399,0,0,1.2369935512542725,15.472999572753906,0,0,562.5,-75.3370862,41.1595273
1691193248052000000,7569.476,0,0,1.0606869459152222,20,0,0,562.5,-75.3370784,41.1595281
1691193253087000000,7574.511,0,0,1.3990565538406372,20,0,0,562.5,-75.337077,41.1595271
1691193258086000000,7579.51000024414,0,0,1.242896318435669,20,0,0,562.5,-75.3370781,41.1595265
1691193263120000000,7584.544,0,0,1.3375217914581299,16.812999725341797,0,0,562.5,-75.3370867,41.1595237
1691193268187000000,7589.611,0,0,1.1630284786224365,28.381999969482422,0,0,562.5,-75.3371298,41.1594976
1691193273173000000,7594.597,0,0,1.135258674621582,16.37700080871582,0,0,562.5,-75.3370844,41.1595253
1691193278282000000,7599.705999755859,0,0,1.1967159509658813,20,0,0,562.5,-75.3370825,41.1595279
1691193283213000000,7604.637,0,0,1.2119684219360352,15.442000389099121,0,0,562.5,-75.3370816,41.1595298
1691193288234000000,7609.657999755859,0,0,1.1855847835540771,16.466999053955078,0,0,562.5,-75.3370846,41.1595274
1691193293282000000,7614.705999755859,0,0,1.1776607036590576,16.4060001373291,0,0,562.5,-75.3370826,41.1595282
1691193298328000000,7619.752,0,0,1.3295073509216309,20,0,0,562.5,-75.3370841,41.1595277
1691193303406000000,7624.830000244141,0,0,1.3775029182434082,20,0,0,562.5,-75.3370835,41.1595244
1691193308366000000,7629.79000024414,0,0,1.1463375091552734,23.716999053955078,0,0,562.5,-75.3370918,41.1595359
1691193313410000000,7634.83399975586,0,0,1.285295009613037,15.682000160217285,0,0,562.5,-75.337085,41.1595289
1691193318443000000,7639.867,0,0,1.2434122562408447,24.719999313354492,0,0,562.5,-75.3370943,41.1595288
1691193323549000000,7644.973,0,0,1.8952103853225708,20.399999618530273,0,0,562.5,-75.3370792,41.1595272
1691193328519000000,7649.943,0,0,1.159651517868042,25.20800018310547,0,0,562.5,-75.3370894,41.1595324
1691193333548000000,7654.972,0,0,1.0831241607666016,25.298999786376953,0,0,562.5,-75.3370911,41.1595305
1691193338627000000,7660.051,0,0,1.2538217306137085,21.736000061035156,0,0,562.5,-75.3370916,41.1595358
1691193343577000000,7665.001,0,0,1.1294796466827393,23.861000061035156,0,0,562.5,-75.3370931,41.159534
1691193348689000000,7670.113,0,0,1.030402421951294,23.757999420166016,0,0,562.5,-75.3370904,41.159531
1691193353702000000,7675.12600024414,0,0,1.3172295093536377,26.259000778198242,0,0,562.4000244140625,-75.337097,41.1595226
1691193358766000000,7680.190000244141,0,0,1.3838669061660767,20,0,0,562.5,-75.3370807,41.1595252
1691193363719000000,7685.143,0,0,1.208545446395874,14.170000076293945,0,0,562.5,-75.3370783,41.1595281
1691193368824000000,7690.248,0,0,1.2263582944869995,23.516000747680664,0,0,562.5,-75.3370948,41.1595318
1691193373784000000,7695.208,0,0,1,23.410999298095703,0,0,562.5,-75.3370856,41.1595215
1691193378796000000,7700.22,0,0,1.1065312623977661,25.988000869750977,0,0,562.5,-75.337086,41.1595331
1691193383837000000,7705.261,0,0,1.0709259510040283,15.392999649047852,0,0,562.5,-75.3370855,41.1595266
1691193388953000000,7710.377,0,0,1.3169399499893188,20,0,0,562.5,-75.3370793,41.1595296
1691193393981000000,7715.405,0,0,1.4016752243041992,20,0,0,562.5,-75.3370824,41.1595268
1691193398904000000,7720.328,0,0,1.2092773914337158,20,0,0,562.5,-75.3370814,41.1595282
1691193404006000000,7725.4300002441405,0,0,1.1135241985321045,15.800999641418457,0,0,562.5,-75.3370816,41.1595296
1691193408969000000,7730.393,0,0,1.1661981344223022,20,0,0,562.5,-75.3370803,41.1595279
1691193414064000000,7735.488,0,0,1.1646112203598022,23.427000045776367,0,0,562.5,-75.3370915,41.1595294
1691193419111000000,7740.535,0,0,1.2861227989196777,20,0,0,562.5,-75.3370766,41.159527
1691193424058000000,7745.48199975586,0,0,1.188407063484192,20,0,0,562.5,-75.337079,41.1595289
1691193429165000000,7750.589,0,0,1.2470358610153198,16.656999588012695,0,0,562.4000244140625,-75.3370877,41.1595232
1691193434217000000,7755.641,0,0,1,25.027000427246094,0,0,562.5,-75.3370928,41.1595271
1691193439246000000,7760.67000024414,0,0,1.0589994192123413,24.472000122070312,0,0,562.5,-75.3370865,41.1595316
1691193444201000000,7765.625,0,0,1.1712141036987305,25.594999313354492,0,0,562.5,-75.3370883,41.1595122
1691193449249000000,7770.673,0,0,1.0801947116851807,24.950000762939453,0,0,562.5,-75.3371386,41.1595093
1691193454283000000,7775.707,0,0,1.2211087942123413,16.865999221801758,0,0,562.5,-75.3370875,41.1595259
1691193459312000000,7780.736,0,0,1.2344446182250977,24.00200080871582,0,0,562.4000244140625,-75.3370947,41.1595329
1691193464334000000,7785.758000244141,0,0,1,23.46299934387207,0,0,562.5,-75.337084,41.1595237
1691193469452000000,7790.876,0,0,1,23.820999145507812,0,0,562.5,-75.3370879,41.1595273
1691193474362000000,7795.785999755859,0,0,1,25.351999282836914,0,0,562.5,-75.3370856,41.1595305
1691193479405000000,7800.829,0,0,1.2349536418914795,17.003000259399414,0,0,562.5,-75.3370853,41.1595268
1691193484446000000,7805.870000244141,0,0,1.0805844068527222,25.4060001373291,0,0,562.5,-75.337089,41.1595248
1691193489463000000,7810.887,0,0,1.0753473043441772,24.18400001525879,0,0,562.5,-75.3370925,41.159525
1691193494501000000,7815.925,0,0,1.2681541442871094,23.645000457763672,0,0,562.4000244140625,-75.3370952,41.1595291
1691193499529000000,7820.953,0,0,1.2400662899017334,26.107999801635742,0,0,562.5,-75.3370833,41.1595197
1691193504520000000,7825.944,0,0,1,24.7810001373291,0,0,562.5,-75.3370919,41.1595188
1691193509592000000,7831.016,0,0,1.0671107769012451,15.579000473022461,0,0,562.5,-75.3370826,41.1595308
1691193514610000000,7836.033999755859,0,0,1.2668132781982422,20,0,0,562.5,-75.3370776,41.1595267
1691193519655000000,7841.079,0,0,1.08942711353302,15.687000274658203,0,0,562.5,-75.3370813,41.1595272
1691193524681000000,7846.105,0,0,1.0375406742095947,15.267000198364258,0,0,562.5,-75.3370803,41.1595306
1691193529689000000,7851.113,0,0,1.0640782117843628,15.277000427246094,0,0,562.5,-75.3370808,41.1595307
1691193534696000000,7856.12,0,0,1.2538217306137085,20,0,0,562.5,-75.3370807,41.1595287
1691193539701000000,7861.125,0,0,1.7057973146438599,23.565000534057617,0,0,562.5,-75.3370831,41.1595396
1691193544761000000,7866.185,0,0,1.084889531135559,20,0,0,562.5,-75.3370791,41.1595281
1691193549781000000,7871.205,0,0,1.0228376388549805,23.749000549316406,0,0,562.5,-75.3370927,41.159533
1691193554834000000,7876.25799975586,0,0,1.1614501476287842,20,0,0,562.5,-75.3370805,41.1595285
1691193559901000000,7881.325,0,0,1.2612125873565674,20,0,0,562.5,-75.3370828,41.1595279
1691193564853000000,7886.277,0,0,1.1350436210632324,16.007999420166016,0,0,562.5,-75.3370857,41.1595258
1691193569854000000,7891.2780002441405,0,0,1.1919538974761963,20,0,0,562.5,-75.3370814,41.1595286
1691193574890000000,7896.313999755859,0,0,1.0693966150283813,25.132999420166016,0,0,562.5,-75.3370881,41.1595321
1691193579922000000,7901.345999755859,0,0,1.013322114944458,21.518999099731445,0,0,562.5,-75.337086,41.159529
1691193584946000000,7906.36999975586,0,0,1.1042875051498413,15.932999610900879,0,0,562.5,-75.3370803,41.1595302
1691193589968000000,7911.392,0,0,1,21.996999740600586,0,0,562.5,-75.3370773,41.1595315
1691193594997000000,7916.421,0,0,1.1643848419189453,20,0,0,562.5,-75.3370801,41.1595278
1691193600026000000,7921.44999975586,0,0,1.1008379459381104,15.461999893188477,0,0,562.5,-75.3370811,41.1595297
1691193605067000000,7926.491,0,0,1.1735082864761353,23.722999572753906,0,0,562.5,-75.3370916,41.1595351
1691193610058000000,7931.48199975586,0,0,1.1016476154327393,23.926000595092773,0,0,562.5,-75.3370901,41.1595356
1691193615045000000,7936.469,0,0,1.163480281829834,20.774999618530273,0,0,562.5,-75.3370796,41.1595278
1691193620121000000,7941.545,0,0,1.1258710622787476,24.698999404907227,0,0,562.5,-75.3370866,41.1595316
1691193625122000000,7946.545999755859,0,0,1.1024585962295532,15.53499984741211,0,0,562.5,-75.3370822,41.1595295
1691193630134000000,7951.55800024414,0,0,1,23.68400001525879,0,0,562.5,-75.3370856,41.1595203
1691193635145000000,7956.569,0,0,1.1788194179534912,15.029999732971191,0,0,562.5,-75.3370838,41.1595275
1691193640163000000,7961.587,0,0,1.0843003988265991,15.449999809265137,0,0,562.5,-75.3370829,41.159529
1691193645196000000,7966.62,0,0,1.1316131353378296,20,0,0,562.5,-75.3370788,41.1595273
1691193650342000000,7971.766000244141,0,0,1.0558265447616577,21.599000930786133,0,0,562.5,-75.3370836,41.1595262
1691193655267000000,7976.691,0,0,1.1463375091552734,16.371999740600586,0,0,562.5,-75.3370848,41.1595251
1691193660289000000,7981.713,0,0,1.1993513107299805,15.38599967956543,0,0,562.5,-75.3370822,41.1595293
1691193665322000000,7986.745999755859,0,0,1.1055102348327637,25.003999710083008,0,0,562.5,-75.3370902,41.1595331
1691193670358000000,7991.78200024414,0,0,1.1712141036987305,24.084999084472656,0,0,562.5,-75.3370941,41.1595332
1691193675391000000,7996.815,0,0,1.2972629070281982,20,0,0,562.5,-75.3370838,41.1595259
1691193680403000000,8001.827,0,0,1.2349536418914795,20,0,0,562.5,-75.3370808,41.1595274
1691193685442000000,8006.86599975586,0,0,1.2073277235031128,15.692000389099121,0,0,562.5,-75.3370828,41.1595265
1691193690469000000,8011.893,0,0,1.216398000717163,20,0,0,562.5,-75.3370813,41.159528
1691193695511000000,8016.935,0,0,1,24.63599967956543,0,0,562.5,-75.337091,41.1595245
1691193700545000000,8021.969,0,0,1.1825424432754517,22.263999938964844,0,0,562.5,-75.3370853,41.1595276
1691193705569000000,8026.993,0,0,1.1657443046569824,16.511999130249023,0,0,562.5,-75.3370831,41.159528
1691193710629000000,8032.053,0,0,1.3134751319885254,15.234999656677246,0,0,562.5,-75.3370835,41.1595277
1691193715599000000,8037.023,0,0,1.2614781856536865,20,0,0,562.5,-75.3370811,41.1595291
1691193720637000000,8042.061,0,0,1.3640164136886597,20,0,0,562.5,-75.3370834,41.1595244
1691193725695000000,8047.119,0,0,1.3640164136886597,16.37700080871582,0,0,562.4000244140625,-75.3370892,41.1595201
1691193730708000000,8052.132,0,0,1.065402865409851,22.672000885009766,0,0,562.4000244140625,-75.3370773,41.1595247
1691193735732000000,8057.156,0,0,1,23.55299949645996,0,0,562.5,-75.3370893,41.1595092
1691193740738000000,8062.161999755859,0,0,1.1208157539367676,15.314000129699707,0,0,562.5,-75.3370809,41.1595292
1691193745750000000,8067.17400024414,0,0,1.039881944656372,24.465999603271484,0,0,562.5,-75.3370807,41.1595348
1691193750780000000,8072.204,0,0,1.0593739748001099,24.090999603271484,0,0,562.5,-75.3370867,41.1595353
1691193755801000000,8077.225,0,0,1.4206212759017944,20.100000381469727,0,0,562.5,-75.3370855,41.1595258
1691193760846000000,8082.270000244141,0,0,1.30745530128479,16.433000564575195,0,0,562.5,-75.3370872,41.1595254
1691193765880000000,8087.304,0,0,1.242896318435669,15.586000442504883,0,0,562.5,-75.3370864,41.1595267
1691193770948000000,8092.372,0,0,1.336328387260437,16.690000534057617,0,0,562.5,-75.3370861,41.1595264
1691193775918000000,8097.342000244141,0,0,1.1075540781021118,20,0,0,562.5,-75.3370804,41.1595283
1691193781018000000,8102.44199975586,0,0,1.1483150720596313,16.465999603271484,0,0,562.5,-75.3370828,41.159528
1691193786059000000,8107.483,0,0,1.1605501174926758,15.696000099182129,0,0,562.5,-75.3370822,41.1595295
1691193791044000000,8112.468,0,0,1.0956034660339355,23.472000122070312,0,0,562.5,-75.3370945,41.1595295
1691193796114000000,8117.537999755859,0,0,1,15.633999824523926,0,0,562.5,-75.3370857,41.1595256
1691193801123000000,8122.547,0,0,1.0073583126068115,23.92300033569336,0,0,562.5,-75.3370921,41.1595324
1691193806106000000,8127.5299997558595,0,0,1.1594271659851074,25.1200008392334,0,0,562.5,-75.3370921,41.1595298
1691193811142000000,8132.566000244141,0,0,1.2485952377319336,21.099000930786133,0,0,562.5,-75.3370866,41.1595306
1691193816229000000,8137.653,0,0,1.3954716920852661,20,0,0,562.5,-75.3370826,41.1595288
1691193821203000000,8142.627,0,0,1.1536221504211426,15.758000373840332,0,0,562.5,-75.3370866,41.1595262
1691193826236000000,8147.66,0,0,1.2311466932296753,20,0,0,562.5,-75.3370823,41.1595284
1691193831271000000,8152.695,0,0,1.2139331102371216,23.843000411987305,0,0,562.5,-75.3370897,41.1595362
1691193836326000000,8157.75000024414,0,0,1.1030675172805786,23.733999252319336,0,0,562.5,-75.3370974,41.1595288
1691193841325000000,8162.749,0,0,1.1995915174484253,22.06999969482422,0,0,562.5,-75.3370841,41.1595288
1691193846373000000,8167.797,0,0,1.0755404233932495,22.19099998474121,0,0,562.5,-75.3370796,41.1595303
1691193851449000000,8172.873,0,0,1.0904186964035034,23.73900032043457,0,0,562.5,-75.3370902,41.1595326
1691193856435000000,8177.859,0,0,1.295019507408142,20,0,0,562.5,-75.3370782,41.1595265
1691193861576000000,8183,0,0,1.1696134805679321,23.875999450683594,0,0,562.5,-75.3370877,41.1595324
1691193866542000000,8187.966000244141,0,0,1,24.19700050354004,0,0,562.5,-75.3370842,41.159522
1691193871527000000,8192.951,0,0,1,23.66900062561035,0,0,562.5,-75.3370805,41.1595307
1691193876541000000,8197.965,0,0,1,21.990999221801758,0,0,562.5,-75.3370843,41.1595214
1691193881584000000,8203.008,0,0,1,23.631999969482422,0,0,562.5,-75.3370842,41.1595174
1691193886590000000,8208.01400024414,0,0,1,16.36400032043457,0,0,562.5,-75.3370838,41.1595268
1691193891730000000,8213.15399975586,0,0,1,21.945999145507812,0,0,562.5,-75.3370812,41.1595177
1691193896746000000,8218.169999755859,0,0,1.1536221504211426,15.333000183105469,0,0,562.5,-75.3370814,41.1595298
1691193901679000000,8223.103,0,0,1.3157830238342285,20,0,0,562.5,-75.3370825,41.1595288
1691193906782000000,8228.206000244141,0,0,1.1995915174484253,20,0,0,562.5,-75.3370799,41.1595291
1691193911735000000,8233.159,0,0,1.3405146598815918,20,0,0,562.5,-75.3370842,41.1595277
1691193916847000000,8238.271,0,0,1,25.288000106811523,0,0,562.4000244140625,-75.3370772,41.1595217
1691193921781000000,8243.205,0,0,1.2911120653152466,15.354000091552734,0,0,562.5,-75.3370845,41.1595283
1691193926817000000,8248.241,0,0,1.450547218322754,20.100000381469727,0,0,562.5,-75.3370852,41.1595253
1691193931910000000,8253.33400024414,0,0,1,23.726999282836914,0,0,562.5,-75.3370834,41.159524
1691193936950000000,8258.374000244141,0,0,1,23.655000686645508,0,0,562.5,-75.3370893,41.1595194
1691193941944000000,8263.368,0,0,1.1778922080993652,15.100000381469727,0,0,562.5,-75.3370826,41.159528
1691193946936000000,8268.36,0,0,1,20,0,0,562.5,-75.3370794,41.1595257
1691193952082000000,8273.50599975586,0,0,1,21.358999252319336,0,0,562.4000244140625,-75.3370815,41.1595287
1691193957027000000,8278.451,0,0,1,25.586000442504883,0,0,562.5,-75.3370873,41.1595368
1691193962023000000,8283.447,0,0,1,16.966999053955078,0,0,562.5,-75.3370806,41.1595289
1691193967097000000,8288.521,0,0,1,26.184999465942383,0,0,562.5,-75.3370926,41.1595145
1691193972092000000,8293.516,0,0,1,25.384000778198242,0,0,562.5,-75.3370891,41.1595225
1691193977094000000,8298.518000244141,0,0,1,25.933000564575195,0,0,562.5,-75.3370863,41.1595381
1691193982105000000,8303.529,0,0,1,22.82900047302246,0,0,562.5,-75.337078,41.1595297
1691193987291000000,8308.715,0,0,1,26.601999282836914,0,0,562.5,-75.3370912,41.1595274
1691193992153000000,8313.577,0,0,1,49.24399948120117,0,0,562.5,-75.3372356,41.1596838
1691193997168000000,8318.592,0,0,1,25.719999313354492,0,0,562.5,-75.3370936,41.1595253
1691194002234000000,8323.65799975586,0,0,1,26.18199920654297,0,0,562.5,-75.3370965,41.1595274
1691194007248000000,8328.672,0,0,1,26.81800079345703,0,0,562.5,-75.3370917,41.1595256
1691194012279000000,8333.703,0,0,1,23.37299919128418,0,0,562.5,-75.3370968,41.1595341
1691194017376000000,8338.8,0,0,1,26.50200080871582,0,0,562.5,-75.3370866,41.1595254
1691194022312000000,8343.736,0,0,1,16.816999435424805,0,0,562.5,-75.3370827,41.1595237
1691194027353000000,8348.777,0,0,1,24.072999954223633,0,0,562.5,-75.3370877,41.1595248
1691194032397000000,8353.821,0,0,1,17.26799964904785,0,0,562.5,-75.3370806,41.1595267
1691194037396000000,8358.82,0,0,1,16.68199920654297,0,0,562.5,-75.3370843,41.1595239
1691194042405000000,8363.829,0,0,1,16.823999404907227,0,0,562.5,-75.3370838,41.1595239
1691194047435000000,8368.859,0,0,1,21.854000091552734,0,0,562.5,-75.3370807,41.159524
1691194052451000000,8373.875,0,0,1,23.993999481201172,0,0,562.5,-75.3370888,41.1595228
1691194057493000000,8378.917,0,0,1,24.711999893188477,0,0,562.5,-75.3370999,41.1595254
1691194062520000000,8383.944,0,0,1,22.857999801635742,0,0,562.5,-75.3370771,41.1595198
1691194067515000000,8388.939,0,0,1,25.049999237060547,0,0,562.5,-75.3370853,41.1595221
1691194072530000000,8393.953999755859,0,0,1,22.784000396728516,0,0,562.5,-75.3370816,41.1595261
1691194077650000000,8399.07399975586,0,0,1,23.968000411987305,0,0,562.5,-75.3370953,41.1595169
1691194082594000000,8404.017999755859,0,0,1,24.604999542236328,0,0,562.5,-75.3370841,41.1595319
1691194087613000000,8409.037,0,0,1,24.03499984741211,0,0,562.5,-75.3370857,41.1595253
1691194092646000000,8414.07000024414,0,0,1,16.37299919128418,0,0,562.5,-75.3370845,41.1595241
1691194097662000000,8419.08600024414,0,0,1,20,0,0,562.5,-75.337085,41.159523
1691194102665000000,8424.089,0,0,1,24.29599952697754,0,0,562.5,-75.3370865,41.1595239
1691194107717000000,8429.141,0,0,1,24.106000900268555,0,0,562.5,-75.3370883,41.1595239
1691194112694000000,8434.118000244142,0,0,1,24.295000076293945,0,0,562.5,-75.3370882,41.159522
1691194117748000000,8439.172,0,0,1,16.30299949645996,0,0,562.5,-75.3370793,41.1595272
1691194122752000000,8444.176,0,0,1,17.322999954223633,0,0,562.5,-75.337081,41.159527
1691194127771000000,8449.195,0,0,1,26.42300033569336,0,0,562.5,-75.3370952,41.1595191
1691194132811000000,8454.235,0,0,1,26.857999801635742,0,0,562.5,-75.3370867,41.1595378
1691194137798000000,8459.22200024414,0,0,1,24.9689998626709,0,0,562.5,-75.3370919,41.1595312
1691194142836000000,8464.26,0,0,1,25.36400032043457,0,0,562.5,-75.337085,41.1595152
1691194147867000000,8469.291,0,0,1.416925311088562,20,0,0,562.5,-75.3370817,41.1595279
1691194152916000000,8474.34,0,0,1.0753473043441772,20,0,0,562.5,-75.3370835,41.1595254
1691194157900000000,8479.324,0,0,1,22.77899932861328,0,0,562.5,-75.337088,41.1595211
1691194162906000000,8484.329999755859,0,0,1.2017573118209839,20,0,0,562.5,-75.3370759,41.1595269
1691194167991000000,8489.415,0,0,1,22.552000045776367,0,0,562.5,-75.3370919,41.1595126
1691194172973000000,8494.397,0,0,1,24.045000076293945,0,0,562.5,-75.3370922,41.1595156
1691194177977000000,8499.401,0,0,1,25.350000381469727,0,0,562.4000244140625,-75.3370939,41.1595147
1691194183311000000,8504.735,0,0,1,23.79199981689453,0,0,562.5,-75.3370885,41.1595233
1691194188018000000,8509.44199975586,0,0,1,18.898000717163086,0,0,562.5,-75.3370803,41.1595232
1691194193062000000,8514.48600024414,0,0,1,22.650999069213867,0,0,562.4000244140625,-75.3370823,41.1595241
1691194198581000000,8520.005,0,0,1,21.277999877929688,0,0,562.4000244140625,-75.3370679,41.1595297
1691194203109000000,8524.533,0,0,1,25.43899917602539,0,0,562.4000244140625,-75.3370802,41.1595102
1691194208128000000,8529.552,0,0,1,22.381999969482422,0,0,562.5,-75.3370775,41.1595168
1691194213160000000,8534.584,0,0,1,26.017000198364258,0,0,562.4000244140625,-75.3370737,41.1595181
1691194218160000000,8539.584,0,0,1,23.070999145507812,0,0,562.5,-75.3370859,41.1595168
1691194223190000000,8544.61400024414,0,0,1,20.05699920654297,0,0,562.4000244140625,-75.3370816,41.1595188
1691194228229000000,8549.653,0,0,1,20.961999893188477,0,0,562.5,-75.3370816,41.1595242
1691194233256000000,8554.68,0,0,1,23.833999633789062,0,0,562.5,-75.3370946,41.1595226
1691194238257000000,8559.681,0,0,1,14.378999710083008,0,0,562.5,-75.3370835,41.1595278
1691194243249000000,8564.673,0,0,1,24.937999725341797,0,0,562.5,-75.3370916,41.1595256
1691194248300000000,8569.724,0,0,1,26.233999252319336,0,0,562.5,-75.3370876,41.1595208
1691194253344000000,8574.768,0,0,1,24.18899917602539,0,0,562.5,-75.3370868,41.1595247
1691194258360000000,8579.784,0,0,1,14.482000350952148,0,0,562.5,-75.3370812,41.15953
1691194263381000000,8584.805,0,0,1.0455079078674316,16.165000915527344,0,0,562.5,-75.3370813,41.1595272
1691194268413000000,8589.837,0,0,1.0016318559646606,23.933000564575195,0,0,562.5,-75.3370898,41.159531
1691194273451000000,8594.875,0,0,1,24.927000045776367,0,0,562.5,-75.3370974,41.1595138
1691194278466000000,8599.88999975586,0,0,1,24.27400016784668,0,0,562.5,-75.3370943,41.1595232
1691194283492000000,8604.916,0,0,1.0768938064575195,24.16200065612793,0,0,562.5,-75.3370941,41.1595336
1691194288514000000,8609.937999755859,0,0,1,24.736000061035156,0,0,562.5,-75.3370939,41.159526
1691194293528000000,8614.952,0,0,1,25.964000701904297,0,0,562.5,-75.3370987,41.1595301
1691194296642000000,8618.06599975586,0,0,1,25.270999908447266,0,0,562.5,-75.3370931,41.1595279
1691194299817000000,8621.241,0,0,1,16.88599967956543,0,0,562.5,-75.3370806,41.1595286
1691194304881000000,8626.305,0,0,1,24.79599952697754,0,0,562.5,-75.3370925,41.1595301
1691194309865000000,8631.289,0,0,1,25.676000595092773,0,0,562.5,-75.3370907,41.1595306
1691194316421000000,8637.845,0,0,1,25.400999069213867,0,0,562.5,-75.3370954,41.1595305
1691194319869000000,8641.293,0,0,1,24.309999465942383,0,0,562.5,-75.3370969,41.1595275
1691194324892000000,8646.316,0,0,1,21.30299949645996,0,0,562.4000244140625,-75.3370803,41.1595208
1691194329914000000,8651.337999755859,0,0,1,22.54599952697754,0,0,562.4000244140625,-75.3370716,41.1595274
1691194334910000000,8656.33400024414,0,0,1,24.858999252319336,0,0,562.5,-75.3370981,41.1595272
1691194339917000000,8661.341,0,0,1,23.909000396728516,0,0,562.5,-75.3370962,41.1595197
1691194344927000000,8666.351,0,0,1,24.523000717163086,0,0,562.5,-75.3370948,41.1595199
1691194349977000000,8671.401,0,0,1,24.398000717163086,0,0,562.5,-75.3370997,41.1595211
1691194356402000000,8677.82599975586,0,0,1,15.013999938964844,0,0,562.5,-75.3370837,41.1595273
1691194359982000000,8681.40600024414,0,0,1,24.64900016784668,0,0,562.5,-75.3370913,41.159517
1691194364948000000,8686.372,0,0,1,23.773000717163086,0,0,562.4000244140625,-75.3370918,41.1595217
1691194370049000000,8691.473,0,0,1,23.868000030517578,0,0,562.4000244140625,-75.3371006,41.1595204
1691194375074000000,8696.497999755858,0,0,1,26.822999954223633,0,0,562.5,-75.3370875,41.1595201
1691194380103000000,8701.527,0,0,1,24.440000534057617,0,0,562.5,-75.3370891,41.15952
1691194386478000000,8707.902000244141,0,0,1,26.135000228881836,0,0,562.5,-75.3370903,41.1595215
1691194393356000000,8714.78,0,0,1,24.847000122070312,0,0,562.5,-75.3370925,41.159516
1691194395018000000,8716.44199975586,0,0,1,25.913000106811523,0,0,562.5,-75.3370964,41.159519
1691194403375000000,8724.799,0,0,1,25.60300064086914,0,0,562.5,-75.3370907,41.1595211
1691194405189000000,8726.613,0,0,1,26.708999633789062,0,0,562.5,-75.3370981,41.1595189
1691194413417000000,8734.841,0,0,1,25.486000061035156,0,0,562.5,-75.3370937,41.1595191
1691194415216000000,8736.64,0,0,1,22.545000076293945,0,0,562.5,-75.3370766,41.1595309
1691194420210000000,8741.633999755859,0,0,1,29.09000015258789,0,0,562.5,-75.3370772,41.1595355
1691194425298000000,8746.721999755859,0,0,1,25.434999465942383,0,0,562.5,-75.3370958,41.1595309
1691194430162000000,8751.58599975586,0,0,1,26.12700080871582,0,0,562.5,-75.3370923,41.1595181
1691194435176000000,8756.6,0,0,1,28.062000274658203,0,0,562.5,-75.3370919,41.1595324
1691194442572000000,8763.996,0,0,1,26.65999984741211,0,0,562.5,-75.3370934,41.1595248
1691194447757000000,8769.181,0,0,1.4256925582885742,44.15800094604492,0,0,562.4000244140625,-75.3373616,41.1598684
1691194452687000000,8774.111,0,0,1,28.31599998474121,0,0,562.5,-75.3371051,41.1595463
1691194457722000000,8779.14599975586,0,0,1.31146240234375,17.93400001525879,0,0,561,-75.3374836,41.1599598
1691194462870000000,8784.294000244141,0,0,1,25.93000030517578,0,0,562.5,-75.337091,41.1595212
1691194467816000000,8789.24,0,0,1,25.974000930786133,0,0,562.5,-75.3370925,41.1595248
1691194472683000000,8794.107,0,0,1.0210942029953003,31.430999755859375,0,0,562.4000244140625,-75.3371524,41.1595489
1691194477691000000,8799.115,0,0,1,54.777000427246094,0,0,562.4000244140625,-75.337548,41.159553
1691194482792000000,8804.216,0,0,1,31.857999801635742,0,0,562.5,-75.3371743,41.1595488
1691194487771000000,8809.195,0,0,1,30.80900001525879,0,0,562.4000244140625,-75.3371955,41.1595523
